1
001

----- Skipping fetch_code -----


----- Starting create_newcase -----

Compset longname is 20TRSOI_EAM%CMIP6_ELM%SPBC_MPASSI_MPASO_MOSART_SGLC_SWAV
Compset specification file is /global/cfs/cdirs/mp9/e3sm_tags/E3SMv2.1/cime_config/allactive/config_compsets.xml
Automatically adding SIAC to compset
Automatically adding SESP to compset
Compset forcing is 
ATM component is cam5 physics:EAM with complete set of E3SM atmospheric mods for V1 (72 layers model) and ACES4BGC SOAG emissions- CMIP6-DECK:
LND component is clm4.5 physics:clm4.5 Satellite phenology:clm4.5 Satellite phenology with black carbon deposition:
ICE component is MPAS seaice:
OCN component is mpas ocean default:
ROF component is MOSART:
GLC component is Stub glacier (land ice) component
WAV component is Stub wave component
IAC component is Stub iac component
ESP component is Stub external system processing (ESP) component
Pes     specification file is /global/cfs/cdirs/mp9/e3sm_tags/E3SMv2.1/cime_config/allactive/config_pesall.xml
Machine is pm-cpu
Pes setting: grid match    is a%ne30.+_oi%.*EC.*to 
Pes setting: machine match is pm-cpu|alvarez 
Pes setting: compset_match is .*EAM.+ELM.+MPASSI.+MPASO.+MOSART.+ 
Pes setting: grid          is a%ne30np4.pg2_l%ne30np4.pg2_oi%EC30to60E2r2_r%r05_g%null_w%null_z%null_m%EC30to60E2r2 
Pes setting: compset       is 20TRSOI_EAM%CMIP6_ELM%SPBC_MPASSI_MPASO_MOSART_SGLC_SWAV_SIAC_SESP 
Pes setting: tasks       is {'NTASKS_ATM': 640, 'NTASKS_LND': 640, 'NTASKS_ROF': 640, 'NTASKS_ICE': 640, 'NTASKS_OCN': 256, 'NTASKS_CPL': 80} 
Pes setting: threads     is {'NTHRDS_ATM': 1, 'NTHRDS_LND': 1, 'NTHRDS_ROF': 1, 'NTHRDS_ICE': 1, 'NTHRDS_OCN': 1, 'NTHRDS_CPL': 1} 
Pes setting: rootpe      is {'ROOTPE_ATM': 0, 'ROOTPE_LND': 0, 'ROOTPE_ROF': 0, 'ROOTPE_ICE': 0, 'ROOTPE_OCN': 640, 'ROOTPE_CPL': 0} 
Pes setting: pstrid      is {'PSTRID_CPL': 8} 
Pes other settings: {'MAX_MPITASKS_PER_NODE': '128'}
Pes comments:  -compset A_WCYCL* -res ne30pg2_oECv3 with MPASO on 7 nodes, 128x1 c8 
setting additional fields from config_pes: {'MAX_MPITASKS_PER_NODE': '128'}
 Compset is: 20TRSOI_EAM%CMIP6_ELM%SPBC_MPASSI_MPASO_MOSART_SGLC_SWAV_SIAC_SESP 
 Grid is: a%ne30np4.pg2_l%ne30np4.pg2_oi%EC30to60E2r2_r%r05_g%null_w%null_z%null_m%EC30to60E2r2 
 Components in compset are: ['eam', 'elm', 'mpassi', 'mpaso', 'mosart', 'sglc', 'swav', 'siac', 'sesp'] 
No charge_account info available, using value from PROJECT
e3sm model version found: 0f362f469f
Batch_system_type is nersc_slurm
job is case.run USER_REQUESTED_WALLTIME 12:00:00 USER_REQUESTED_QUEUE None WALLTIME_FORMAT %H:%M:%S
job is case.st_archive USER_REQUESTED_WALLTIME None USER_REQUESTED_QUEUE None WALLTIME_FORMAT %H:%M:%S
 Creating Case directory /pscratch/sd/n/nanr/v21.LR.SMYLE/v21.LR.BSMYLE.1982-11.001/case_scripts.001

----- Starting case_setup -----

Successfully cleaned env_mach_specific.xml
Setting resource.RLIMIT_STACK to -1 from (8388608, -1)
job is case.run USER_REQUESTED_WALLTIME 12:00:00 USER_REQUESTED_QUEUE None WALLTIME_FORMAT %H:%M:%S
Creating batch scripts
Writing case.run script from input template /global/cfs/cdirs/mp9/e3sm_tags/E3SMv2.1/cime_config/machines/template.case.run
Creating file .case.run
Writing case.st_archive script from input template /global/cfs/cdirs/mp9/e3sm_tags/E3SMv2.1/cime_config/machines/template.st_archive
Creating file case.st_archive
Creating file .case.run.sh
Creating user_nl_xxx files for components and cpl
If an old case build already exists, might want to run 'case.build --clean' before building
Generating component namelists as part of setup
  2023-10-20 17:56:16 atm 
Create namelist for component eam
   Calling /global/cfs/cdirs/mp9/e3sm_tags/E3SMv2.1/components/eam//cime_config/buildnml
  2023-10-20 17:56:17 lnd 
Create namelist for component elm
   Calling /global/cfs/cdirs/mp9/e3sm_tags/E3SMv2.1/components/elm/cime_config/buildnml
  2023-10-20 17:56:17 ice 
Create namelist for component mpassi
   Calling /global/cfs/cdirs/mp9/e3sm_tags/E3SMv2.1/components/mpas-seaice/cime_config/buildnml
  2023-10-20 17:56:17 ocn 
Create namelist for component mpaso
   Calling /global/cfs/cdirs/mp9/e3sm_tags/E3SMv2.1/components/mpas-ocean/cime_config/buildnml
  2023-10-20 17:56:18 rof 
Create namelist for component mosart
   Calling /global/cfs/cdirs/mp9/e3sm_tags/E3SMv2.1/components/mosart//cime_config/buildnml
  2023-10-20 17:56:18 glc 
Create namelist for component sglc
   Calling /global/cfs/cdirs/mp9/e3sm_tags/E3SMv2.1/components/stub_comps/sglc/cime_config/buildnml
  2023-10-20 17:56:18 wav 
Create namelist for component swav
   Calling /global/cfs/cdirs/mp9/e3sm_tags/E3SMv2.1/components/stub_comps/swav/cime_config/buildnml
  2023-10-20 17:56:18 iac 
Create namelist for component siac
   Calling /global/cfs/cdirs/mp9/e3sm_tags/E3SMv2.1/components/stub_comps/siac/cime_config/buildnml
  2023-10-20 17:56:18 esp 
Create namelist for component sesp
   Calling /global/cfs/cdirs/mp9/e3sm_tags/E3SMv2.1/components/stub_comps/sesp/cime_config/buildnml
  2023-10-20 17:56:18 cpl 
Create namelist for component drv
   Calling /global/cfs/cdirs/mp9/e3sm_tags/E3SMv2.1/driver-mct/cime_config/buildnml
You can now run './preview_run' to get more info on how your case will be run
Here is the RUNDIR /pscratch/sd/n/nanr/v21.LR.SMYLE/v21.LR.BSMYLE.1982-11.001/run.001
atm_in
atm_modelio.nml
CASEROOT
cpl_modelio.nml
drv_flds_in
drv_in
esp_modelio.nml
glc_modelio.nml
iac_modelio.nml
ice_modelio.nml
lnd_in
lnd_modelio.nml
mosart_in
mpaso_in
mpassi_in
ocn_modelio.nml
rof_modelio.nml
seq_maps.rc
streams.ocean
streams.seaice
wav_modelio.nml

----- case_build -----

Using $OLD_EXECUTABLE = /pscratch/sd/n/nanr/v21.LR.SMYLE/exeroot/build
cp: -r not specified; omitting directory '/pscratch/sd/n/nanr/v21.LR.SMYLE/exeroot/build'
WARNING: Setting BUILD_COMPLETE = TRUE.  This is a little risky, but trusting the user.
For your changes to take effect, run:
./case.build --clean-all
./case.build
Setting resource.RLIMIT_STACK to -1 from (8388608, -1)
  2023-10-20 17:56:20 atm 
Create namelist for component eam
   Calling /global/cfs/cdirs/mp9/e3sm_tags/E3SMv2.1/components/eam//cime_config/buildnml
  2023-10-20 17:56:20 lnd 
Create namelist for component elm
   Calling /global/cfs/cdirs/mp9/e3sm_tags/E3SMv2.1/components/elm/cime_config/buildnml
  2023-10-20 17:56:21 ice 
Create namelist for component mpassi
   Calling /global/cfs/cdirs/mp9/e3sm_tags/E3SMv2.1/components/mpas-seaice/cime_config/buildnml
  2023-10-20 17:56:21 ocn 
Create namelist for component mpaso
   Calling /global/cfs/cdirs/mp9/e3sm_tags/E3SMv2.1/components/mpas-ocean/cime_config/buildnml
  2023-10-20 17:56:21 rof 
Create namelist for component mosart
   Calling /global/cfs/cdirs/mp9/e3sm_tags/E3SMv2.1/components/mosart//cime_config/buildnml
  2023-10-20 17:56:21 glc 
Create namelist for component sglc
   Calling /global/cfs/cdirs/mp9/e3sm_tags/E3SMv2.1/components/stub_comps/sglc/cime_config/buildnml
  2023-10-20 17:56:21 wav 
Create namelist for component swav
   Calling /global/cfs/cdirs/mp9/e3sm_tags/E3SMv2.1/components/stub_comps/swav/cime_config/buildnml
  2023-10-20 17:56:21 iac 
Create namelist for component siac
   Calling /global/cfs/cdirs/mp9/e3sm_tags/E3SMv2.1/components/stub_comps/siac/cime_config/buildnml
  2023-10-20 17:56:21 esp 
Create namelist for component sesp
   Calling /global/cfs/cdirs/mp9/e3sm_tags/E3SMv2.1/components/stub_comps/sesp/cime_config/buildnml
  2023-10-20 17:56:21 cpl 
Create namelist for component drv
   Calling /global/cfs/cdirs/mp9/e3sm_tags/E3SMv2.1/driver-mct/cime_config/buildnml

----- Starting runtime_options -----

Warning: $MODEL_START_TYPE = hybrid
$RUN_REFDIR = /global/cfs/cdirs/mp9/E3SMv2.1-SMYLE/inputdata/e3sm_init/v21.LR.SMYLE_IC.1982-11.01/
$RUN_REFCASE = v21.LR.SMYLE_IC.1982-11.01
$RUN_REFDATE = 1982-11-01


----- Saving run script for provenance -----

'run.v21.LR.BSMYLE.sh' -> '/pscratch/sd/n/nanr/v21.LR.SMYLE/v21.LR.BSMYLE.1982-11.001/case_scripts.001/run_script_provenance/run.v21.LR.BSMYLE.sh.20231020-175625'

----- Starting case_submit -----


env_batch.xml appears to have changed, regenerating batch scripts
manual edits to these file will be lost!

Creating batch scripts
Writing case.run script from input template /global/cfs/cdirs/mp9/e3sm_tags/E3SMv2.1/cime_config/machines/template.case.run
Creating file .case.run
Writing case.st_archive script from input template /global/cfs/cdirs/mp9/e3sm_tags/E3SMv2.1/cime_config/machines/template.st_archive
Creating file case.st_archive
Setting resource.RLIMIT_STACK to -1 from (8388608, -1)
GET_REFCASE is false, the user is expected to stage the refcase to the run directory.
  2023-10-20 17:56:29 atm 
Create namelist for component eam
   Calling /global/cfs/cdirs/mp9/e3sm_tags/E3SMv2.1/components/eam//cime_config/buildnml
  2023-10-20 17:56:29 lnd 
Create namelist for component elm
   Calling /global/cfs/cdirs/mp9/e3sm_tags/E3SMv2.1/components/elm/cime_config/buildnml
  2023-10-20 17:56:29 ice 
Create namelist for component mpassi
   Calling /global/cfs/cdirs/mp9/e3sm_tags/E3SMv2.1/components/mpas-seaice/cime_config/buildnml
  2023-10-20 17:56:31 ocn 
Create namelist for component mpaso
   Calling /global/cfs/cdirs/mp9/e3sm_tags/E3SMv2.1/components/mpas-ocean/cime_config/buildnml
  2023-10-20 17:56:33 rof 
Create namelist for component mosart
   Calling /global/cfs/cdirs/mp9/e3sm_tags/E3SMv2.1/components/mosart//cime_config/buildnml
  2023-10-20 17:56:33 glc 
Create namelist for component sglc
   Calling /global/cfs/cdirs/mp9/e3sm_tags/E3SMv2.1/components/stub_comps/sglc/cime_config/buildnml
  2023-10-20 17:56:33 wav 
Create namelist for component swav
   Calling /global/cfs/cdirs/mp9/e3sm_tags/E3SMv2.1/components/stub_comps/swav/cime_config/buildnml
  2023-10-20 17:56:33 iac 
Create namelist for component siac
   Calling /global/cfs/cdirs/mp9/e3sm_tags/E3SMv2.1/components/stub_comps/siac/cime_config/buildnml
  2023-10-20 17:56:33 esp 
Create namelist for component sesp
   Calling /global/cfs/cdirs/mp9/e3sm_tags/E3SMv2.1/components/stub_comps/sesp/cime_config/buildnml
  2023-10-20 17:56:33 cpl 
Create namelist for component drv
   Calling /global/cfs/cdirs/mp9/e3sm_tags/E3SMv2.1/driver-mct/cime_config/buildnml
Checking that inputdata is available as part of case submission
Setting resource.RLIMIT_STACK to -1 from (-1, -1)
Loading input file list: 'Buildconf/mosart.input_data_list'
Loading input file list: 'Buildconf/mpaso.input_data_list'
Loading input file list: 'Buildconf/cpl.input_data_list'
Loading input file list: 'Buildconf/elm.input_data_list'
Loading input file list: 'Buildconf/eam.input_data_list'
Loading input file list: 'Buildconf/mpassi.input_data_list'
GET_REFCASE is false, the user is expected to stage the refcase to the run directory.
Check case OK
submit_jobs case.run
Submit job case.run
Deprecated "arg" node detected in /pscratch/sd/n/nanr/v21.LR.SMYLE/v21.LR.BSMYLE.1982-11.001/case_scripts.001/env_batch.xml, check files /global/cfs/cdirs/mp9/e3sm_tags/E3SMv2.1/cime_config/machines/config_batch.xml
Submitting job script sbatch --time 12:00:00 -q regular --account mp9 .case.run --resubmit
Submitted job id is 17225364
Submit job case.st_archive
Deprecated "arg" node detected in /pscratch/sd/n/nanr/v21.LR.SMYLE/v21.LR.BSMYLE.1982-11.001/case_scripts.001/env_batch.xml, check files /global/cfs/cdirs/mp9/e3sm_tags/E3SMv2.1/cime_config/machines/config_batch.xml
Submitting job script sbatch --time 00:20:00 -q regular --account mp9 --dependency=afterok:17225364 case.st_archive --resubmit
Submitted job id is 17225365
Submitted job case.run with id 17225364
Submitted job case.st_archive with id 17225365

----- All done -----

2
002

----- Skipping fetch_code -----


----- Starting create_newcase -----

Compset longname is 20TRSOI_EAM%CMIP6_ELM%SPBC_MPASSI_MPASO_MOSART_SGLC_SWAV
Compset specification file is /global/cfs/cdirs/mp9/e3sm_tags/E3SMv2.1/cime_config/allactive/config_compsets.xml
Automatically adding SIAC to compset
Automatically adding SESP to compset
Compset forcing is 
ATM component is cam5 physics:EAM with complete set of E3SM atmospheric mods for V1 (72 layers model) and ACES4BGC SOAG emissions- CMIP6-DECK:
LND component is clm4.5 physics:clm4.5 Satellite phenology:clm4.5 Satellite phenology with black carbon deposition:
ICE component is MPAS seaice:
OCN component is mpas ocean default:
ROF component is MOSART:
GLC component is Stub glacier (land ice) component
WAV component is Stub wave component
IAC component is Stub iac component
ESP component is Stub external system processing (ESP) component
Pes     specification file is /global/cfs/cdirs/mp9/e3sm_tags/E3SMv2.1/cime_config/allactive/config_pesall.xml
Machine is pm-cpu
Pes setting: grid match    is a%ne30.+_oi%.*EC.*to 
Pes setting: machine match is pm-cpu|alvarez 
Pes setting: compset_match is .*EAM.+ELM.+MPASSI.+MPASO.+MOSART.+ 
Pes setting: grid          is a%ne30np4.pg2_l%ne30np4.pg2_oi%EC30to60E2r2_r%r05_g%null_w%null_z%null_m%EC30to60E2r2 
Pes setting: compset       is 20TRSOI_EAM%CMIP6_ELM%SPBC_MPASSI_MPASO_MOSART_SGLC_SWAV_SIAC_SESP 
Pes setting: tasks       is {'NTASKS_ATM': 640, 'NTASKS_LND': 640, 'NTASKS_ROF': 640, 'NTASKS_ICE': 640, 'NTASKS_OCN': 256, 'NTASKS_CPL': 80} 
Pes setting: threads     is {'NTHRDS_ATM': 1, 'NTHRDS_LND': 1, 'NTHRDS_ROF': 1, 'NTHRDS_ICE': 1, 'NTHRDS_OCN': 1, 'NTHRDS_CPL': 1} 
Pes setting: rootpe      is {'ROOTPE_ATM': 0, 'ROOTPE_LND': 0, 'ROOTPE_ROF': 0, 'ROOTPE_ICE': 0, 'ROOTPE_OCN': 640, 'ROOTPE_CPL': 0} 
Pes setting: pstrid      is {'PSTRID_CPL': 8} 
Pes other settings: {'MAX_MPITASKS_PER_NODE': '128'}
Pes comments:  -compset A_WCYCL* -res ne30pg2_oECv3 with MPASO on 7 nodes, 128x1 c8 
setting additional fields from config_pes: {'MAX_MPITASKS_PER_NODE': '128'}
 Compset is: 20TRSOI_EAM%CMIP6_ELM%SPBC_MPASSI_MPASO_MOSART_SGLC_SWAV_SIAC_SESP 
 Grid is: a%ne30np4.pg2_l%ne30np4.pg2_oi%EC30to60E2r2_r%r05_g%null_w%null_z%null_m%EC30to60E2r2 
 Components in compset are: ['eam', 'elm', 'mpassi', 'mpaso', 'mosart', 'sglc', 'swav', 'siac', 'sesp'] 
No charge_account info available, using value from PROJECT
e3sm model version found: 0f362f469f
Batch_system_type is nersc_slurm
job is case.run USER_REQUESTED_WALLTIME 12:00:00 USER_REQUESTED_QUEUE None WALLTIME_FORMAT %H:%M:%S
job is case.st_archive USER_REQUESTED_WALLTIME None USER_REQUESTED_QUEUE None WALLTIME_FORMAT %H:%M:%S
 Creating Case directory /pscratch/sd/n/nanr/v21.LR.SMYLE/v21.LR.BSMYLE.1982-11.001/case_scripts.002

----- Starting case_setup -----

Successfully cleaned env_mach_specific.xml
Setting resource.RLIMIT_STACK to -1 from (8388608, -1)
job is case.run USER_REQUESTED_WALLTIME 12:00:00 USER_REQUESTED_QUEUE None WALLTIME_FORMAT %H:%M:%S
Creating batch scripts
Writing case.run script from input template /global/cfs/cdirs/mp9/e3sm_tags/E3SMv2.1/cime_config/machines/template.case.run
Creating file .case.run
Writing case.st_archive script from input template /global/cfs/cdirs/mp9/e3sm_tags/E3SMv2.1/cime_config/machines/template.st_archive
Creating file case.st_archive
Creating file .case.run.sh
Creating user_nl_xxx files for components and cpl
If an old case build already exists, might want to run 'case.build --clean' before building
Generating component namelists as part of setup
  2023-10-20 17:56:46 atm 
Create namelist for component eam
   Calling /global/cfs/cdirs/mp9/e3sm_tags/E3SMv2.1/components/eam//cime_config/buildnml
  2023-10-20 17:56:46 lnd 
Create namelist for component elm
   Calling /global/cfs/cdirs/mp9/e3sm_tags/E3SMv2.1/components/elm/cime_config/buildnml
  2023-10-20 17:56:47 ice 
Create namelist for component mpassi
   Calling /global/cfs/cdirs/mp9/e3sm_tags/E3SMv2.1/components/mpas-seaice/cime_config/buildnml
  2023-10-20 17:56:47 ocn 
Create namelist for component mpaso
   Calling /global/cfs/cdirs/mp9/e3sm_tags/E3SMv2.1/components/mpas-ocean/cime_config/buildnml
  2023-10-20 17:56:47 rof 
Create namelist for component mosart
   Calling /global/cfs/cdirs/mp9/e3sm_tags/E3SMv2.1/components/mosart//cime_config/buildnml
  2023-10-20 17:56:47 glc 
Create namelist for component sglc
   Calling /global/cfs/cdirs/mp9/e3sm_tags/E3SMv2.1/components/stub_comps/sglc/cime_config/buildnml
  2023-10-20 17:56:47 wav 
Create namelist for component swav
   Calling /global/cfs/cdirs/mp9/e3sm_tags/E3SMv2.1/components/stub_comps/swav/cime_config/buildnml
  2023-10-20 17:56:47 iac 
Create namelist for component siac
   Calling /global/cfs/cdirs/mp9/e3sm_tags/E3SMv2.1/components/stub_comps/siac/cime_config/buildnml
  2023-10-20 17:56:47 esp 
Create namelist for component sesp
   Calling /global/cfs/cdirs/mp9/e3sm_tags/E3SMv2.1/components/stub_comps/sesp/cime_config/buildnml
  2023-10-20 17:56:47 cpl 
Create namelist for component drv
   Calling /global/cfs/cdirs/mp9/e3sm_tags/E3SMv2.1/driver-mct/cime_config/buildnml
You can now run './preview_run' to get more info on how your case will be run
Here is the RUNDIR /pscratch/sd/n/nanr/v21.LR.SMYLE/v21.LR.BSMYLE.1982-11.001/run.002
atm_in
atm_modelio.nml
CASEROOT
cpl_modelio.nml
drv_flds_in
drv_in
esp_modelio.nml
glc_modelio.nml
iac_modelio.nml
ice_modelio.nml
lnd_in
lnd_modelio.nml
mosart_in
mpaso_in
mpassi_in
ocn_modelio.nml
rof_modelio.nml
seq_maps.rc
streams.ocean
streams.seaice
wav_modelio.nml
02

----- case_build -----

Using $OLD_EXECUTABLE = /pscratch/sd/n/nanr/v21.LR.SMYLE/exeroot/build
cp: -r not specified; omitting directory '/pscratch/sd/n/nanr/v21.LR.SMYLE/exeroot/build'
WARNING: Setting BUILD_COMPLETE = TRUE.  This is a little risky, but trusting the user.
For your changes to take effect, run:
./case.build --clean-all
./case.build
Setting resource.RLIMIT_STACK to -1 from (8388608, -1)
  2023-10-20 17:56:49 atm 
Create namelist for component eam
   Calling /global/cfs/cdirs/mp9/e3sm_tags/E3SMv2.1/components/eam//cime_config/buildnml
  2023-10-20 17:56:50 lnd 
Create namelist for component elm
   Calling /global/cfs/cdirs/mp9/e3sm_tags/E3SMv2.1/components/elm/cime_config/buildnml
  2023-10-20 17:56:50 ice 
Create namelist for component mpassi
   Calling /global/cfs/cdirs/mp9/e3sm_tags/E3SMv2.1/components/mpas-seaice/cime_config/buildnml
  2023-10-20 17:56:50 ocn 
Create namelist for component mpaso
   Calling /global/cfs/cdirs/mp9/e3sm_tags/E3SMv2.1/components/mpas-ocean/cime_config/buildnml
  2023-10-20 17:56:50 rof 
Create namelist for component mosart
   Calling /global/cfs/cdirs/mp9/e3sm_tags/E3SMv2.1/components/mosart//cime_config/buildnml
  2023-10-20 17:56:50 glc 
Create namelist for component sglc
   Calling /global/cfs/cdirs/mp9/e3sm_tags/E3SMv2.1/components/stub_comps/sglc/cime_config/buildnml
  2023-10-20 17:56:50 wav 
Create namelist for component swav
   Calling /global/cfs/cdirs/mp9/e3sm_tags/E3SMv2.1/components/stub_comps/swav/cime_config/buildnml
  2023-10-20 17:56:50 iac 
Create namelist for component siac
   Calling /global/cfs/cdirs/mp9/e3sm_tags/E3SMv2.1/components/stub_comps/siac/cime_config/buildnml
  2023-10-20 17:56:50 esp 
Create namelist for component sesp
   Calling /global/cfs/cdirs/mp9/e3sm_tags/E3SMv2.1/components/stub_comps/sesp/cime_config/buildnml
  2023-10-20 17:56:50 cpl 
Create namelist for component drv
   Calling /global/cfs/cdirs/mp9/e3sm_tags/E3SMv2.1/driver-mct/cime_config/buildnml

----- Starting runtime_options -----

Warning: $MODEL_START_TYPE = hybrid
$RUN_REFDIR = /global/cfs/cdirs/mp9/E3SMv2.1-SMYLE/inputdata/e3sm_init/v21.LR.SMYLE_IC.1982-11.01/
$RUN_REFCASE = v21.LR.SMYLE_IC.1982-11.01
$RUN_REFDATE = 1982-11-01


----- Saving run script for provenance -----

'run.v21.LR.BSMYLE.sh' -> '/pscratch/sd/n/nanr/v21.LR.SMYLE/v21.LR.BSMYLE.1982-11.001/case_scripts.002/run_script_provenance/run.v21.LR.BSMYLE.sh.20231020-175654'

----- Starting case_submit -----


env_batch.xml appears to have changed, regenerating batch scripts
manual edits to these file will be lost!

Creating batch scripts
Writing case.run script from input template /global/cfs/cdirs/mp9/e3sm_tags/E3SMv2.1/cime_config/machines/template.case.run
Creating file .case.run
Writing case.st_archive script from input template /global/cfs/cdirs/mp9/e3sm_tags/E3SMv2.1/cime_config/machines/template.st_archive
Creating file case.st_archive
Setting resource.RLIMIT_STACK to -1 from (8388608, -1)
GET_REFCASE is false, the user is expected to stage the refcase to the run directory.
  2023-10-20 17:56:58 atm 
Create namelist for component eam
   Calling /global/cfs/cdirs/mp9/e3sm_tags/E3SMv2.1/components/eam//cime_config/buildnml
  2023-10-20 17:56:58 lnd 
Create namelist for component elm
   Calling /global/cfs/cdirs/mp9/e3sm_tags/E3SMv2.1/components/elm/cime_config/buildnml
  2023-10-20 17:56:58 ice 
Create namelist for component mpassi
   Calling /global/cfs/cdirs/mp9/e3sm_tags/E3SMv2.1/components/mpas-seaice/cime_config/buildnml
  2023-10-20 17:56:59 ocn 
Create namelist for component mpaso
   Calling /global/cfs/cdirs/mp9/e3sm_tags/E3SMv2.1/components/mpas-ocean/cime_config/buildnml
  2023-10-20 17:57:02 rof 
Create namelist for component mosart
   Calling /global/cfs/cdirs/mp9/e3sm_tags/E3SMv2.1/components/mosart//cime_config/buildnml
  2023-10-20 17:57:02 glc 
Create namelist for component sglc
   Calling /global/cfs/cdirs/mp9/e3sm_tags/E3SMv2.1/components/stub_comps/sglc/cime_config/buildnml
  2023-10-20 17:57:02 wav 
Create namelist for component swav
   Calling /global/cfs/cdirs/mp9/e3sm_tags/E3SMv2.1/components/stub_comps/swav/cime_config/buildnml
  2023-10-20 17:57:02 iac 
Create namelist for component siac
   Calling /global/cfs/cdirs/mp9/e3sm_tags/E3SMv2.1/components/stub_comps/siac/cime_config/buildnml
  2023-10-20 17:57:02 esp 
Create namelist for component sesp
   Calling /global/cfs/cdirs/mp9/e3sm_tags/E3SMv2.1/components/stub_comps/sesp/cime_config/buildnml
  2023-10-20 17:57:02 cpl 
Create namelist for component drv
   Calling /global/cfs/cdirs/mp9/e3sm_tags/E3SMv2.1/driver-mct/cime_config/buildnml
Checking that inputdata is available as part of case submission
Setting resource.RLIMIT_STACK to -1 from (-1, -1)
Loading input file list: 'Buildconf/mosart.input_data_list'
Loading input file list: 'Buildconf/mpaso.input_data_list'
Loading input file list: 'Buildconf/cpl.input_data_list'
Loading input file list: 'Buildconf/elm.input_data_list'
Loading input file list: 'Buildconf/eam.input_data_list'
Loading input file list: 'Buildconf/mpassi.input_data_list'
GET_REFCASE is false, the user is expected to stage the refcase to the run directory.
Check case OK
submit_jobs case.run
Submit job case.run
Deprecated "arg" node detected in /pscratch/sd/n/nanr/v21.LR.SMYLE/v21.LR.BSMYLE.1982-11.001/case_scripts.002/env_batch.xml, check files /global/cfs/cdirs/mp9/e3sm_tags/E3SMv2.1/cime_config/machines/config_batch.xml
Submitting job script sbatch --time 12:00:00 -q regular --account mp9 .case.run --resubmit
Submitted job id is 17225367
Submit job case.st_archive
Deprecated "arg" node detected in /pscratch/sd/n/nanr/v21.LR.SMYLE/v21.LR.BSMYLE.1982-11.001/case_scripts.002/env_batch.xml, check files /global/cfs/cdirs/mp9/e3sm_tags/E3SMv2.1/cime_config/machines/config_batch.xml
Submitting job script sbatch --time 00:20:00 -q regular --account mp9 --dependency=afterok:17225367 case.st_archive --resubmit
Submitted job id is 17225369
Submitted job case.run with id 17225367
Submitted job case.st_archive with id 17225369

----- All done -----

3
003

----- Skipping fetch_code -----


----- Starting create_newcase -----

Compset longname is 20TRSOI_EAM%CMIP6_ELM%SPBC_MPASSI_MPASO_MOSART_SGLC_SWAV
Compset specification file is /global/cfs/cdirs/mp9/e3sm_tags/E3SMv2.1/cime_config/allactive/config_compsets.xml
Automatically adding SIAC to compset
Automatically adding SESP to compset
Compset forcing is 
ATM component is cam5 physics:EAM with complete set of E3SM atmospheric mods for V1 (72 layers model) and ACES4BGC SOAG emissions- CMIP6-DECK:
LND component is clm4.5 physics:clm4.5 Satellite phenology:clm4.5 Satellite phenology with black carbon deposition:
ICE component is MPAS seaice:
OCN component is mpas ocean default:
ROF component is MOSART:
GLC component is Stub glacier (land ice) component
WAV component is Stub wave component
IAC component is Stub iac component
ESP component is Stub external system processing (ESP) component
Pes     specification file is /global/cfs/cdirs/mp9/e3sm_tags/E3SMv2.1/cime_config/allactive/config_pesall.xml
Machine is pm-cpu
Pes setting: grid match    is a%ne30.+_oi%.*EC.*to 
Pes setting: machine match is pm-cpu|alvarez 
Pes setting: compset_match is .*EAM.+ELM.+MPASSI.+MPASO.+MOSART.+ 
Pes setting: grid          is a%ne30np4.pg2_l%ne30np4.pg2_oi%EC30to60E2r2_r%r05_g%null_w%null_z%null_m%EC30to60E2r2 
Pes setting: compset       is 20TRSOI_EAM%CMIP6_ELM%SPBC_MPASSI_MPASO_MOSART_SGLC_SWAV_SIAC_SESP 
Pes setting: tasks       is {'NTASKS_ATM': 640, 'NTASKS_LND': 640, 'NTASKS_ROF': 640, 'NTASKS_ICE': 640, 'NTASKS_OCN': 256, 'NTASKS_CPL': 80} 
Pes setting: threads     is {'NTHRDS_ATM': 1, 'NTHRDS_LND': 1, 'NTHRDS_ROF': 1, 'NTHRDS_ICE': 1, 'NTHRDS_OCN': 1, 'NTHRDS_CPL': 1} 
Pes setting: rootpe      is {'ROOTPE_ATM': 0, 'ROOTPE_LND': 0, 'ROOTPE_ROF': 0, 'ROOTPE_ICE': 0, 'ROOTPE_OCN': 640, 'ROOTPE_CPL': 0} 
Pes setting: pstrid      is {'PSTRID_CPL': 8} 
Pes other settings: {'MAX_MPITASKS_PER_NODE': '128'}
Pes comments:  -compset A_WCYCL* -res ne30pg2_oECv3 with MPASO on 7 nodes, 128x1 c8 
setting additional fields from config_pes: {'MAX_MPITASKS_PER_NODE': '128'}
 Compset is: 20TRSOI_EAM%CMIP6_ELM%SPBC_MPASSI_MPASO_MOSART_SGLC_SWAV_SIAC_SESP 
 Grid is: a%ne30np4.pg2_l%ne30np4.pg2_oi%EC30to60E2r2_r%r05_g%null_w%null_z%null_m%EC30to60E2r2 
 Components in compset are: ['eam', 'elm', 'mpassi', 'mpaso', 'mosart', 'sglc', 'swav', 'siac', 'sesp'] 
No charge_account info available, using value from PROJECT
e3sm model version found: 0f362f469f
Batch_system_type is nersc_slurm
job is case.run USER_REQUESTED_WALLTIME 12:00:00 USER_REQUESTED_QUEUE None WALLTIME_FORMAT %H:%M:%S
job is case.st_archive USER_REQUESTED_WALLTIME None USER_REQUESTED_QUEUE None WALLTIME_FORMAT %H:%M:%S
 Creating Case directory /pscratch/sd/n/nanr/v21.LR.SMYLE/v21.LR.BSMYLE.1982-11.001/case_scripts.003

----- Starting case_setup -----

Successfully cleaned env_mach_specific.xml
Setting resource.RLIMIT_STACK to -1 from (8388608, -1)
job is case.run USER_REQUESTED_WALLTIME 12:00:00 USER_REQUESTED_QUEUE None WALLTIME_FORMAT %H:%M:%S
Creating batch scripts
Writing case.run script from input template /global/cfs/cdirs/mp9/e3sm_tags/E3SMv2.1/cime_config/machines/template.case.run
Creating file .case.run
Writing case.st_archive script from input template /global/cfs/cdirs/mp9/e3sm_tags/E3SMv2.1/cime_config/machines/template.st_archive
Creating file case.st_archive
Creating file .case.run.sh
Creating user_nl_xxx files for components and cpl
If an old case build already exists, might want to run 'case.build --clean' before building
Generating component namelists as part of setup
  2023-10-20 17:57:28 atm 
Create namelist for component eam
   Calling /global/cfs/cdirs/mp9/e3sm_tags/E3SMv2.1/components/eam//cime_config/buildnml
  2023-10-20 17:57:28 lnd 
Create namelist for component elm
   Calling /global/cfs/cdirs/mp9/e3sm_tags/E3SMv2.1/components/elm/cime_config/buildnml
  2023-10-20 17:57:28 ice 
Create namelist for component mpassi
   Calling /global/cfs/cdirs/mp9/e3sm_tags/E3SMv2.1/components/mpas-seaice/cime_config/buildnml
  2023-10-20 17:57:28 ocn 
Create namelist for component mpaso
   Calling /global/cfs/cdirs/mp9/e3sm_tags/E3SMv2.1/components/mpas-ocean/cime_config/buildnml
  2023-10-20 17:57:29 rof 
Create namelist for component mosart
   Calling /global/cfs/cdirs/mp9/e3sm_tags/E3SMv2.1/components/mosart//cime_config/buildnml
  2023-10-20 17:57:29 glc 
Create namelist for component sglc
   Calling /global/cfs/cdirs/mp9/e3sm_tags/E3SMv2.1/components/stub_comps/sglc/cime_config/buildnml
  2023-10-20 17:57:29 wav 
Create namelist for component swav
   Calling /global/cfs/cdirs/mp9/e3sm_tags/E3SMv2.1/components/stub_comps/swav/cime_config/buildnml
  2023-10-20 17:57:29 iac 
Create namelist for component siac
   Calling /global/cfs/cdirs/mp9/e3sm_tags/E3SMv2.1/components/stub_comps/siac/cime_config/buildnml
  2023-10-20 17:57:29 esp 
Create namelist for component sesp
   Calling /global/cfs/cdirs/mp9/e3sm_tags/E3SMv2.1/components/stub_comps/sesp/cime_config/buildnml
  2023-10-20 17:57:29 cpl 
Create namelist for component drv
   Calling /global/cfs/cdirs/mp9/e3sm_tags/E3SMv2.1/driver-mct/cime_config/buildnml
You can now run './preview_run' to get more info on how your case will be run
Here is the RUNDIR /pscratch/sd/n/nanr/v21.LR.SMYLE/v21.LR.BSMYLE.1982-11.001/run.003
atm_in
atm_modelio.nml
CASEROOT
cpl_modelio.nml
drv_flds_in
drv_in
esp_modelio.nml
glc_modelio.nml
iac_modelio.nml
ice_modelio.nml
lnd_in
lnd_modelio.nml
mosart_in
mpaso_in
mpassi_in
ocn_modelio.nml
rof_modelio.nml
seq_maps.rc
streams.ocean
streams.seaice
wav_modelio.nml
03

----- case_build -----

Using $OLD_EXECUTABLE = /pscratch/sd/n/nanr/v21.LR.SMYLE/exeroot/build
cp: -r not specified; omitting directory '/pscratch/sd/n/nanr/v21.LR.SMYLE/exeroot/build'
WARNING: Setting BUILD_COMPLETE = TRUE.  This is a little risky, but trusting the user.
For your changes to take effect, run:
./case.build --clean-all
./case.build
Setting resource.RLIMIT_STACK to -1 from (8388608, -1)
  2023-10-20 17:57:31 atm 
Create namelist for component eam
   Calling /global/cfs/cdirs/mp9/e3sm_tags/E3SMv2.1/components/eam//cime_config/buildnml
  2023-10-20 17:57:31 lnd 
Create namelist for component elm
   Calling /global/cfs/cdirs/mp9/e3sm_tags/E3SMv2.1/components/elm/cime_config/buildnml
  2023-10-20 17:57:31 ice 
Create namelist for component mpassi
   Calling /global/cfs/cdirs/mp9/e3sm_tags/E3SMv2.1/components/mpas-seaice/cime_config/buildnml
  2023-10-20 17:57:31 ocn 
Create namelist for component mpaso
   Calling /global/cfs/cdirs/mp9/e3sm_tags/E3SMv2.1/components/mpas-ocean/cime_config/buildnml
  2023-10-20 17:57:32 rof 
Create namelist for component mosart
   Calling /global/cfs/cdirs/mp9/e3sm_tags/E3SMv2.1/components/mosart//cime_config/buildnml
  2023-10-20 17:57:32 glc 
Create namelist for component sglc
   Calling /global/cfs/cdirs/mp9/e3sm_tags/E3SMv2.1/components/stub_comps/sglc/cime_config/buildnml
  2023-10-20 17:57:32 wav 
Create namelist for component swav
   Calling /global/cfs/cdirs/mp9/e3sm_tags/E3SMv2.1/components/stub_comps/swav/cime_config/buildnml
  2023-10-20 17:57:32 iac 
Create namelist for component siac
   Calling /global/cfs/cdirs/mp9/e3sm_tags/E3SMv2.1/components/stub_comps/siac/cime_config/buildnml
  2023-10-20 17:57:32 esp 
Create namelist for component sesp
   Calling /global/cfs/cdirs/mp9/e3sm_tags/E3SMv2.1/components/stub_comps/sesp/cime_config/buildnml
  2023-10-20 17:57:32 cpl 
Create namelist for component drv
   Calling /global/cfs/cdirs/mp9/e3sm_tags/E3SMv2.1/driver-mct/cime_config/buildnml

----- Starting runtime_options -----

Warning: $MODEL_START_TYPE = hybrid
$RUN_REFDIR = /global/cfs/cdirs/mp9/E3SMv2.1-SMYLE/inputdata/e3sm_init/v21.LR.SMYLE_IC.1982-11.01/
$RUN_REFCASE = v21.LR.SMYLE_IC.1982-11.01
$RUN_REFDATE = 1982-11-01


----- Saving run script for provenance -----

'run.v21.LR.BSMYLE.sh' -> '/pscratch/sd/n/nanr/v21.LR.SMYLE/v21.LR.BSMYLE.1982-11.001/case_scripts.003/run_script_provenance/run.v21.LR.BSMYLE.sh.20231020-175736'

----- Starting case_submit -----


env_batch.xml appears to have changed, regenerating batch scripts
manual edits to these file will be lost!

Creating batch scripts
Writing case.run script from input template /global/cfs/cdirs/mp9/e3sm_tags/E3SMv2.1/cime_config/machines/template.case.run
Creating file .case.run
Writing case.st_archive script from input template /global/cfs/cdirs/mp9/e3sm_tags/E3SMv2.1/cime_config/machines/template.st_archive
Creating file case.st_archive
Setting resource.RLIMIT_STACK to -1 from (8388608, -1)
GET_REFCASE is false, the user is expected to stage the refcase to the run directory.
  2023-10-20 17:57:39 atm 
Create namelist for component eam
   Calling /global/cfs/cdirs/mp9/e3sm_tags/E3SMv2.1/components/eam//cime_config/buildnml
  2023-10-20 17:57:40 lnd 
Create namelist for component elm
   Calling /global/cfs/cdirs/mp9/e3sm_tags/E3SMv2.1/components/elm/cime_config/buildnml
  2023-10-20 17:57:40 ice 
Create namelist for component mpassi
   Calling /global/cfs/cdirs/mp9/e3sm_tags/E3SMv2.1/components/mpas-seaice/cime_config/buildnml
  2023-10-20 17:57:41 ocn 
Create namelist for component mpaso
   Calling /global/cfs/cdirs/mp9/e3sm_tags/E3SMv2.1/components/mpas-ocean/cime_config/buildnml
  2023-10-20 17:57:43 rof 
Create namelist for component mosart
   Calling /global/cfs/cdirs/mp9/e3sm_tags/E3SMv2.1/components/mosart//cime_config/buildnml
  2023-10-20 17:57:44 glc 
Create namelist for component sglc
   Calling /global/cfs/cdirs/mp9/e3sm_tags/E3SMv2.1/components/stub_comps/sglc/cime_config/buildnml
  2023-10-20 17:57:44 wav 
Create namelist for component swav
   Calling /global/cfs/cdirs/mp9/e3sm_tags/E3SMv2.1/components/stub_comps/swav/cime_config/buildnml
  2023-10-20 17:57:44 iac 
Create namelist for component siac
   Calling /global/cfs/cdirs/mp9/e3sm_tags/E3SMv2.1/components/stub_comps/siac/cime_config/buildnml
  2023-10-20 17:57:44 esp 
Create namelist for component sesp
   Calling /global/cfs/cdirs/mp9/e3sm_tags/E3SMv2.1/components/stub_comps/sesp/cime_config/buildnml
  2023-10-20 17:57:44 cpl 
Create namelist for component drv
   Calling /global/cfs/cdirs/mp9/e3sm_tags/E3SMv2.1/driver-mct/cime_config/buildnml
Checking that inputdata is available as part of case submission
Setting resource.RLIMIT_STACK to -1 from (-1, -1)
Loading input file list: 'Buildconf/mosart.input_data_list'
Loading input file list: 'Buildconf/mpaso.input_data_list'
Loading input file list: 'Buildconf/cpl.input_data_list'
Loading input file list: 'Buildconf/elm.input_data_list'
Loading input file list: 'Buildconf/eam.input_data_list'
Loading input file list: 'Buildconf/mpassi.input_data_list'
GET_REFCASE is false, the user is expected to stage the refcase to the run directory.
Check case OK
submit_jobs case.run
Submit job case.run
Deprecated "arg" node detected in /pscratch/sd/n/nanr/v21.LR.SMYLE/v21.LR.BSMYLE.1982-11.001/case_scripts.003/env_batch.xml, check files /global/cfs/cdirs/mp9/e3sm_tags/E3SMv2.1/cime_config/machines/config_batch.xml
Submitting job script sbatch --time 12:00:00 -q regular --account mp9 .case.run --resubmit
Submitted job id is 17225374
Submit job case.st_archive
Deprecated "arg" node detected in /pscratch/sd/n/nanr/v21.LR.SMYLE/v21.LR.BSMYLE.1982-11.001/case_scripts.003/env_batch.xml, check files /global/cfs/cdirs/mp9/e3sm_tags/E3SMv2.1/cime_config/machines/config_batch.xml
Submitting job script sbatch --time 00:20:00 -q regular --account mp9 --dependency=afterok:17225374 case.st_archive --resubmit
Submitted job id is 17225375
Submitted job case.run with id 17225374
Submitted job case.st_archive with id 17225375

----- All done -----

4
004

----- Skipping fetch_code -----


----- Starting create_newcase -----

Compset longname is 20TRSOI_EAM%CMIP6_ELM%SPBC_MPASSI_MPASO_MOSART_SGLC_SWAV
Compset specification file is /global/cfs/cdirs/mp9/e3sm_tags/E3SMv2.1/cime_config/allactive/config_compsets.xml
Automatically adding SIAC to compset
Automatically adding SESP to compset
Compset forcing is 
ATM component is cam5 physics:EAM with complete set of E3SM atmospheric mods for V1 (72 layers model) and ACES4BGC SOAG emissions- CMIP6-DECK:
LND component is clm4.5 physics:clm4.5 Satellite phenology:clm4.5 Satellite phenology with black carbon deposition:
ICE component is MPAS seaice:
OCN component is mpas ocean default:
ROF component is MOSART:
GLC component is Stub glacier (land ice) component
WAV component is Stub wave component
IAC component is Stub iac component
ESP component is Stub external system processing (ESP) component
Pes     specification file is /global/cfs/cdirs/mp9/e3sm_tags/E3SMv2.1/cime_config/allactive/config_pesall.xml
Machine is pm-cpu
Pes setting: grid match    is a%ne30.+_oi%.*EC.*to 
Pes setting: machine match is pm-cpu|alvarez 
Pes setting: compset_match is .*EAM.+ELM.+MPASSI.+MPASO.+MOSART.+ 
Pes setting: grid          is a%ne30np4.pg2_l%ne30np4.pg2_oi%EC30to60E2r2_r%r05_g%null_w%null_z%null_m%EC30to60E2r2 
Pes setting: compset       is 20TRSOI_EAM%CMIP6_ELM%SPBC_MPASSI_MPASO_MOSART_SGLC_SWAV_SIAC_SESP 
Pes setting: tasks       is {'NTASKS_ATM': 640, 'NTASKS_LND': 640, 'NTASKS_ROF': 640, 'NTASKS_ICE': 640, 'NTASKS_OCN': 256, 'NTASKS_CPL': 80} 
Pes setting: threads     is {'NTHRDS_ATM': 1, 'NTHRDS_LND': 1, 'NTHRDS_ROF': 1, 'NTHRDS_ICE': 1, 'NTHRDS_OCN': 1, 'NTHRDS_CPL': 1} 
Pes setting: rootpe      is {'ROOTPE_ATM': 0, 'ROOTPE_LND': 0, 'ROOTPE_ROF': 0, 'ROOTPE_ICE': 0, 'ROOTPE_OCN': 640, 'ROOTPE_CPL': 0} 
Pes setting: pstrid      is {'PSTRID_CPL': 8} 
Pes other settings: {'MAX_MPITASKS_PER_NODE': '128'}
Pes comments:  -compset A_WCYCL* -res ne30pg2_oECv3 with MPASO on 7 nodes, 128x1 c8 
setting additional fields from config_pes: {'MAX_MPITASKS_PER_NODE': '128'}
 Compset is: 20TRSOI_EAM%CMIP6_ELM%SPBC_MPASSI_MPASO_MOSART_SGLC_SWAV_SIAC_SESP 
 Grid is: a%ne30np4.pg2_l%ne30np4.pg2_oi%EC30to60E2r2_r%r05_g%null_w%null_z%null_m%EC30to60E2r2 
 Components in compset are: ['eam', 'elm', 'mpassi', 'mpaso', 'mosart', 'sglc', 'swav', 'siac', 'sesp'] 
No charge_account info available, using value from PROJECT
e3sm model version found: 0f362f469f
Batch_system_type is nersc_slurm
job is case.run USER_REQUESTED_WALLTIME 12:00:00 USER_REQUESTED_QUEUE None WALLTIME_FORMAT %H:%M:%S
job is case.st_archive USER_REQUESTED_WALLTIME None USER_REQUESTED_QUEUE None WALLTIME_FORMAT %H:%M:%S
 Creating Case directory /pscratch/sd/n/nanr/v21.LR.SMYLE/v21.LR.BSMYLE.1982-11.001/case_scripts.004

----- Starting case_setup -----

Successfully cleaned env_mach_specific.xml
Setting resource.RLIMIT_STACK to -1 from (8388608, -1)
job is case.run USER_REQUESTED_WALLTIME 12:00:00 USER_REQUESTED_QUEUE None WALLTIME_FORMAT %H:%M:%S
Creating batch scripts
Writing case.run script from input template /global/cfs/cdirs/mp9/e3sm_tags/E3SMv2.1/cime_config/machines/template.case.run
Creating file .case.run
Writing case.st_archive script from input template /global/cfs/cdirs/mp9/e3sm_tags/E3SMv2.1/cime_config/machines/template.st_archive
Creating file case.st_archive
Creating file .case.run.sh
Creating user_nl_xxx files for components and cpl
If an old case build already exists, might want to run 'case.build --clean' before building
Generating component namelists as part of setup
  2023-10-20 17:57:57 atm 
Create namelist for component eam
   Calling /global/cfs/cdirs/mp9/e3sm_tags/E3SMv2.1/components/eam//cime_config/buildnml
  2023-10-20 17:57:57 lnd 
Create namelist for component elm
   Calling /global/cfs/cdirs/mp9/e3sm_tags/E3SMv2.1/components/elm/cime_config/buildnml
  2023-10-20 17:57:57 ice 
Create namelist for component mpassi
   Calling /global/cfs/cdirs/mp9/e3sm_tags/E3SMv2.1/components/mpas-seaice/cime_config/buildnml
  2023-10-20 17:57:57 ocn 
Create namelist for component mpaso
   Calling /global/cfs/cdirs/mp9/e3sm_tags/E3SMv2.1/components/mpas-ocean/cime_config/buildnml
  2023-10-20 17:57:58 rof 
Create namelist for component mosart
   Calling /global/cfs/cdirs/mp9/e3sm_tags/E3SMv2.1/components/mosart//cime_config/buildnml
  2023-10-20 17:57:58 glc 
Create namelist for component sglc
   Calling /global/cfs/cdirs/mp9/e3sm_tags/E3SMv2.1/components/stub_comps/sglc/cime_config/buildnml
  2023-10-20 17:57:58 wav 
Create namelist for component swav
   Calling /global/cfs/cdirs/mp9/e3sm_tags/E3SMv2.1/components/stub_comps/swav/cime_config/buildnml
  2023-10-20 17:57:58 iac 
Create namelist for component siac
   Calling /global/cfs/cdirs/mp9/e3sm_tags/E3SMv2.1/components/stub_comps/siac/cime_config/buildnml
  2023-10-20 17:57:58 esp 
Create namelist for component sesp
   Calling /global/cfs/cdirs/mp9/e3sm_tags/E3SMv2.1/components/stub_comps/sesp/cime_config/buildnml
  2023-10-20 17:57:58 cpl 
Create namelist for component drv
   Calling /global/cfs/cdirs/mp9/e3sm_tags/E3SMv2.1/driver-mct/cime_config/buildnml
You can now run './preview_run' to get more info on how your case will be run
Here is the RUNDIR /pscratch/sd/n/nanr/v21.LR.SMYLE/v21.LR.BSMYLE.1982-11.001/run.004
atm_in
atm_modelio.nml
CASEROOT
cpl_modelio.nml
drv_flds_in
drv_in
esp_modelio.nml
glc_modelio.nml
iac_modelio.nml
ice_modelio.nml
lnd_in
lnd_modelio.nml
mosart_in
mpaso_in
mpassi_in
ocn_modelio.nml
rof_modelio.nml
seq_maps.rc
streams.ocean
streams.seaice
wav_modelio.nml
04

----- case_build -----

Using $OLD_EXECUTABLE = /pscratch/sd/n/nanr/v21.LR.SMYLE/exeroot/build
cp: -r not specified; omitting directory '/pscratch/sd/n/nanr/v21.LR.SMYLE/exeroot/build'
WARNING: Setting BUILD_COMPLETE = TRUE.  This is a little risky, but trusting the user.
For your changes to take effect, run:
./case.build --clean-all
./case.build
Setting resource.RLIMIT_STACK to -1 from (8388608, -1)
  2023-10-20 17:58:00 atm 
Create namelist for component eam
   Calling /global/cfs/cdirs/mp9/e3sm_tags/E3SMv2.1/components/eam//cime_config/buildnml
  2023-10-20 17:58:00 lnd 
Create namelist for component elm
   Calling /global/cfs/cdirs/mp9/e3sm_tags/E3SMv2.1/components/elm/cime_config/buildnml
  2023-10-20 17:58:00 ice 
Create namelist for component mpassi
   Calling /global/cfs/cdirs/mp9/e3sm_tags/E3SMv2.1/components/mpas-seaice/cime_config/buildnml
  2023-10-20 17:58:01 ocn 
Create namelist for component mpaso
   Calling /global/cfs/cdirs/mp9/e3sm_tags/E3SMv2.1/components/mpas-ocean/cime_config/buildnml
  2023-10-20 17:58:01 rof 
Create namelist for component mosart
   Calling /global/cfs/cdirs/mp9/e3sm_tags/E3SMv2.1/components/mosart//cime_config/buildnml
  2023-10-20 17:58:01 glc 
Create namelist for component sglc
   Calling /global/cfs/cdirs/mp9/e3sm_tags/E3SMv2.1/components/stub_comps/sglc/cime_config/buildnml
  2023-10-20 17:58:01 wav 
Create namelist for component swav
   Calling /global/cfs/cdirs/mp9/e3sm_tags/E3SMv2.1/components/stub_comps/swav/cime_config/buildnml
  2023-10-20 17:58:01 iac 
Create namelist for component siac
   Calling /global/cfs/cdirs/mp9/e3sm_tags/E3SMv2.1/components/stub_comps/siac/cime_config/buildnml
  2023-10-20 17:58:01 esp 
Create namelist for component sesp
   Calling /global/cfs/cdirs/mp9/e3sm_tags/E3SMv2.1/components/stub_comps/sesp/cime_config/buildnml
  2023-10-20 17:58:01 cpl 
Create namelist for component drv
   Calling /global/cfs/cdirs/mp9/e3sm_tags/E3SMv2.1/driver-mct/cime_config/buildnml

----- Starting runtime_options -----

Warning: $MODEL_START_TYPE = hybrid
$RUN_REFDIR = /global/cfs/cdirs/mp9/E3SMv2.1-SMYLE/inputdata/e3sm_init/v21.LR.SMYLE_IC.1982-11.01/
$RUN_REFCASE = v21.LR.SMYLE_IC.1982-11.01
$RUN_REFDATE = 1982-11-01


----- Saving run script for provenance -----

'run.v21.LR.BSMYLE.sh' -> '/pscratch/sd/n/nanr/v21.LR.SMYLE/v21.LR.BSMYLE.1982-11.001/case_scripts.004/run_script_provenance/run.v21.LR.BSMYLE.sh.20231020-175805'

----- Starting case_submit -----


env_batch.xml appears to have changed, regenerating batch scripts
manual edits to these file will be lost!

Creating batch scripts
Writing case.run script from input template /global/cfs/cdirs/mp9/e3sm_tags/E3SMv2.1/cime_config/machines/template.case.run
Creating file .case.run
Writing case.st_archive script from input template /global/cfs/cdirs/mp9/e3sm_tags/E3SMv2.1/cime_config/machines/template.st_archive
Creating file case.st_archive
Setting resource.RLIMIT_STACK to -1 from (8388608, -1)
GET_REFCASE is false, the user is expected to stage the refcase to the run directory.
  2023-10-20 17:58:09 atm 
Create namelist for component eam
   Calling /global/cfs/cdirs/mp9/e3sm_tags/E3SMv2.1/components/eam//cime_config/buildnml
  2023-10-20 17:58:09 lnd 
Create namelist for component elm
   Calling /global/cfs/cdirs/mp9/e3sm_tags/E3SMv2.1/components/elm/cime_config/buildnml
  2023-10-20 17:58:09 ice 
Create namelist for component mpassi
   Calling /global/cfs/cdirs/mp9/e3sm_tags/E3SMv2.1/components/mpas-seaice/cime_config/buildnml
  2023-10-20 17:58:10 ocn 
Create namelist for component mpaso
   Calling /global/cfs/cdirs/mp9/e3sm_tags/E3SMv2.1/components/mpas-ocean/cime_config/buildnml
  2023-10-20 17:58:13 rof 
Create namelist for component mosart
   Calling /global/cfs/cdirs/mp9/e3sm_tags/E3SMv2.1/components/mosart//cime_config/buildnml
  2023-10-20 17:58:13 glc 
Create namelist for component sglc
   Calling /global/cfs/cdirs/mp9/e3sm_tags/E3SMv2.1/components/stub_comps/sglc/cime_config/buildnml
  2023-10-20 17:58:13 wav 
Create namelist for component swav
   Calling /global/cfs/cdirs/mp9/e3sm_tags/E3SMv2.1/components/stub_comps/swav/cime_config/buildnml
  2023-10-20 17:58:13 iac 
Create namelist for component siac
   Calling /global/cfs/cdirs/mp9/e3sm_tags/E3SMv2.1/components/stub_comps/siac/cime_config/buildnml
  2023-10-20 17:58:13 esp 
Create namelist for component sesp
   Calling /global/cfs/cdirs/mp9/e3sm_tags/E3SMv2.1/components/stub_comps/sesp/cime_config/buildnml
  2023-10-20 17:58:13 cpl 
Create namelist for component drv
   Calling /global/cfs/cdirs/mp9/e3sm_tags/E3SMv2.1/driver-mct/cime_config/buildnml
Checking that inputdata is available as part of case submission
Setting resource.RLIMIT_STACK to -1 from (-1, -1)
Loading input file list: 'Buildconf/mosart.input_data_list'
Loading input file list: 'Buildconf/mpaso.input_data_list'
Loading input file list: 'Buildconf/cpl.input_data_list'
Loading input file list: 'Buildconf/elm.input_data_list'
Loading input file list: 'Buildconf/eam.input_data_list'
Loading input file list: 'Buildconf/mpassi.input_data_list'
GET_REFCASE is false, the user is expected to stage the refcase to the run directory.
Check case OK
submit_jobs case.run
Submit job case.run
Deprecated "arg" node detected in /pscratch/sd/n/nanr/v21.LR.SMYLE/v21.LR.BSMYLE.1982-11.001/case_scripts.004/env_batch.xml, check files /global/cfs/cdirs/mp9/e3sm_tags/E3SMv2.1/cime_config/machines/config_batch.xml
Submitting job script sbatch --time 12:00:00 -q regular --account mp9 .case.run --resubmit
Submitted job id is 17225377
Submit job case.st_archive
Deprecated "arg" node detected in /pscratch/sd/n/nanr/v21.LR.SMYLE/v21.LR.BSMYLE.1982-11.001/case_scripts.004/env_batch.xml, check files /global/cfs/cdirs/mp9/e3sm_tags/E3SMv2.1/cime_config/machines/config_batch.xml
Submitting job script sbatch --time 00:20:00 -q regular --account mp9 --dependency=afterok:17225377 case.st_archive --resubmit
Submitted job id is 17225379
Submitted job case.run with id 17225377
Submitted job case.st_archive with id 17225379

----- All done -----

5
005

----- Skipping fetch_code -----


----- Starting create_newcase -----

Compset longname is 20TRSOI_EAM%CMIP6_ELM%SPBC_MPASSI_MPASO_MOSART_SGLC_SWAV
Compset specification file is /global/cfs/cdirs/mp9/e3sm_tags/E3SMv2.1/cime_config/allactive/config_compsets.xml
Automatically adding SIAC to compset
Automatically adding SESP to compset
Compset forcing is 
ATM component is cam5 physics:EAM with complete set of E3SM atmospheric mods for V1 (72 layers model) and ACES4BGC SOAG emissions- CMIP6-DECK:
LND component is clm4.5 physics:clm4.5 Satellite phenology:clm4.5 Satellite phenology with black carbon deposition:
ICE component is MPAS seaice:
OCN component is mpas ocean default:
ROF component is MOSART:
GLC component is Stub glacier (land ice) component
WAV component is Stub wave component
IAC component is Stub iac component
ESP component is Stub external system processing (ESP) component
Pes     specification file is /global/cfs/cdirs/mp9/e3sm_tags/E3SMv2.1/cime_config/allactive/config_pesall.xml
Machine is pm-cpu
Pes setting: grid match    is a%ne30.+_oi%.*EC.*to 
Pes setting: machine match is pm-cpu|alvarez 
Pes setting: compset_match is .*EAM.+ELM.+MPASSI.+MPASO.+MOSART.+ 
Pes setting: grid          is a%ne30np4.pg2_l%ne30np4.pg2_oi%EC30to60E2r2_r%r05_g%null_w%null_z%null_m%EC30to60E2r2 
Pes setting: compset       is 20TRSOI_EAM%CMIP6_ELM%SPBC_MPASSI_MPASO_MOSART_SGLC_SWAV_SIAC_SESP 
Pes setting: tasks       is {'NTASKS_ATM': 640, 'NTASKS_LND': 640, 'NTASKS_ROF': 640, 'NTASKS_ICE': 640, 'NTASKS_OCN': 256, 'NTASKS_CPL': 80} 
Pes setting: threads     is {'NTHRDS_ATM': 1, 'NTHRDS_LND': 1, 'NTHRDS_ROF': 1, 'NTHRDS_ICE': 1, 'NTHRDS_OCN': 1, 'NTHRDS_CPL': 1} 
Pes setting: rootpe      is {'ROOTPE_ATM': 0, 'ROOTPE_LND': 0, 'ROOTPE_ROF': 0, 'ROOTPE_ICE': 0, 'ROOTPE_OCN': 640, 'ROOTPE_CPL': 0} 
Pes setting: pstrid      is {'PSTRID_CPL': 8} 
Pes other settings: {'MAX_MPITASKS_PER_NODE': '128'}
Pes comments:  -compset A_WCYCL* -res ne30pg2_oECv3 with MPASO on 7 nodes, 128x1 c8 
setting additional fields from config_pes: {'MAX_MPITASKS_PER_NODE': '128'}
 Compset is: 20TRSOI_EAM%CMIP6_ELM%SPBC_MPASSI_MPASO_MOSART_SGLC_SWAV_SIAC_SESP 
 Grid is: a%ne30np4.pg2_l%ne30np4.pg2_oi%EC30to60E2r2_r%r05_g%null_w%null_z%null_m%EC30to60E2r2 
 Components in compset are: ['eam', 'elm', 'mpassi', 'mpaso', 'mosart', 'sglc', 'swav', 'siac', 'sesp'] 
No charge_account info available, using value from PROJECT
e3sm model version found: 0f362f469f
Batch_system_type is nersc_slurm
job is case.run USER_REQUESTED_WALLTIME 12:00:00 USER_REQUESTED_QUEUE None WALLTIME_FORMAT %H:%M:%S
job is case.st_archive USER_REQUESTED_WALLTIME None USER_REQUESTED_QUEUE None WALLTIME_FORMAT %H:%M:%S
 Creating Case directory /pscratch/sd/n/nanr/v21.LR.SMYLE/v21.LR.BSMYLE.1982-11.001/case_scripts.005

----- Starting case_setup -----

Successfully cleaned env_mach_specific.xml
Setting resource.RLIMIT_STACK to -1 from (8388608, -1)
job is case.run USER_REQUESTED_WALLTIME 12:00:00 USER_REQUESTED_QUEUE None WALLTIME_FORMAT %H:%M:%S
Creating batch scripts
Writing case.run script from input template /global/cfs/cdirs/mp9/e3sm_tags/E3SMv2.1/cime_config/machines/template.case.run
Creating file .case.run
Writing case.st_archive script from input template /global/cfs/cdirs/mp9/e3sm_tags/E3SMv2.1/cime_config/machines/template.st_archive
Creating file case.st_archive
Creating file .case.run.sh
Creating user_nl_xxx files for components and cpl
If an old case build already exists, might want to run 'case.build --clean' before building
Generating component namelists as part of setup
  2023-10-20 17:58:32 atm 
Create namelist for component eam
   Calling /global/cfs/cdirs/mp9/e3sm_tags/E3SMv2.1/components/eam//cime_config/buildnml
  2023-10-20 17:58:32 lnd 
Create namelist for component elm
   Calling /global/cfs/cdirs/mp9/e3sm_tags/E3SMv2.1/components/elm/cime_config/buildnml
  2023-10-20 17:58:33 ice 
Create namelist for component mpassi
   Calling /global/cfs/cdirs/mp9/e3sm_tags/E3SMv2.1/components/mpas-seaice/cime_config/buildnml
  2023-10-20 17:58:33 ocn 
Create namelist for component mpaso
   Calling /global/cfs/cdirs/mp9/e3sm_tags/E3SMv2.1/components/mpas-ocean/cime_config/buildnml
  2023-10-20 17:58:33 rof 
Create namelist for component mosart
   Calling /global/cfs/cdirs/mp9/e3sm_tags/E3SMv2.1/components/mosart//cime_config/buildnml
  2023-10-20 17:58:33 glc 
Create namelist for component sglc
   Calling /global/cfs/cdirs/mp9/e3sm_tags/E3SMv2.1/components/stub_comps/sglc/cime_config/buildnml
  2023-10-20 17:58:33 wav 
Create namelist for component swav
   Calling /global/cfs/cdirs/mp9/e3sm_tags/E3SMv2.1/components/stub_comps/swav/cime_config/buildnml
  2023-10-20 17:58:33 iac 
Create namelist for component siac
   Calling /global/cfs/cdirs/mp9/e3sm_tags/E3SMv2.1/components/stub_comps/siac/cime_config/buildnml
  2023-10-20 17:58:33 esp 
Create namelist for component sesp
   Calling /global/cfs/cdirs/mp9/e3sm_tags/E3SMv2.1/components/stub_comps/sesp/cime_config/buildnml
  2023-10-20 17:58:33 cpl 
Create namelist for component drv
   Calling /global/cfs/cdirs/mp9/e3sm_tags/E3SMv2.1/driver-mct/cime_config/buildnml
You can now run './preview_run' to get more info on how your case will be run
Here is the RUNDIR /pscratch/sd/n/nanr/v21.LR.SMYLE/v21.LR.BSMYLE.1982-11.001/run.005
atm_in
atm_modelio.nml
CASEROOT
cpl_modelio.nml
drv_flds_in
drv_in
esp_modelio.nml
glc_modelio.nml
iac_modelio.nml
ice_modelio.nml
lnd_in
lnd_modelio.nml
mosart_in
mpaso_in
mpassi_in
ocn_modelio.nml
rof_modelio.nml
seq_maps.rc
streams.ocean
streams.seaice
wav_modelio.nml
05

----- case_build -----

Using $OLD_EXECUTABLE = /pscratch/sd/n/nanr/v21.LR.SMYLE/exeroot/build
cp: -r not specified; omitting directory '/pscratch/sd/n/nanr/v21.LR.SMYLE/exeroot/build'
WARNING: Setting BUILD_COMPLETE = TRUE.  This is a little risky, but trusting the user.
For your changes to take effect, run:
./case.build --clean-all
./case.build
Setting resource.RLIMIT_STACK to -1 from (8388608, -1)
  2023-10-20 17:58:35 atm 
Create namelist for component eam
   Calling /global/cfs/cdirs/mp9/e3sm_tags/E3SMv2.1/components/eam//cime_config/buildnml
  2023-10-20 17:58:35 lnd 
Create namelist for component elm
   Calling /global/cfs/cdirs/mp9/e3sm_tags/E3SMv2.1/components/elm/cime_config/buildnml
  2023-10-20 17:58:36 ice 
Create namelist for component mpassi
   Calling /global/cfs/cdirs/mp9/e3sm_tags/E3SMv2.1/components/mpas-seaice/cime_config/buildnml
  2023-10-20 17:58:36 ocn 
Create namelist for component mpaso
   Calling /global/cfs/cdirs/mp9/e3sm_tags/E3SMv2.1/components/mpas-ocean/cime_config/buildnml
  2023-10-20 17:58:36 rof 
Create namelist for component mosart
   Calling /global/cfs/cdirs/mp9/e3sm_tags/E3SMv2.1/components/mosart//cime_config/buildnml
  2023-10-20 17:58:36 glc 
Create namelist for component sglc
   Calling /global/cfs/cdirs/mp9/e3sm_tags/E3SMv2.1/components/stub_comps/sglc/cime_config/buildnml
  2023-10-20 17:58:36 wav 
Create namelist for component swav
   Calling /global/cfs/cdirs/mp9/e3sm_tags/E3SMv2.1/components/stub_comps/swav/cime_config/buildnml
  2023-10-20 17:58:36 iac 
Create namelist for component siac
   Calling /global/cfs/cdirs/mp9/e3sm_tags/E3SMv2.1/components/stub_comps/siac/cime_config/buildnml
  2023-10-20 17:58:36 esp 
Create namelist for component sesp
   Calling /global/cfs/cdirs/mp9/e3sm_tags/E3SMv2.1/components/stub_comps/sesp/cime_config/buildnml
  2023-10-20 17:58:36 cpl 
Create namelist for component drv
   Calling /global/cfs/cdirs/mp9/e3sm_tags/E3SMv2.1/driver-mct/cime_config/buildnml

----- Starting runtime_options -----

Warning: $MODEL_START_TYPE = hybrid
$RUN_REFDIR = /global/cfs/cdirs/mp9/E3SMv2.1-SMYLE/inputdata/e3sm_init/v21.LR.SMYLE_IC.1982-11.01/
$RUN_REFCASE = v21.LR.SMYLE_IC.1982-11.01
$RUN_REFDATE = 1982-11-01


----- Saving run script for provenance -----

'run.v21.LR.BSMYLE.sh' -> '/pscratch/sd/n/nanr/v21.LR.SMYLE/v21.LR.BSMYLE.1982-11.001/case_scripts.005/run_script_provenance/run.v21.LR.BSMYLE.sh.20231020-175840'

----- Starting case_submit -----


env_batch.xml appears to have changed, regenerating batch scripts
manual edits to these file will be lost!

Creating batch scripts
Writing case.run script from input template /global/cfs/cdirs/mp9/e3sm_tags/E3SMv2.1/cime_config/machines/template.case.run
Creating file .case.run
Writing case.st_archive script from input template /global/cfs/cdirs/mp9/e3sm_tags/E3SMv2.1/cime_config/machines/template.st_archive
Creating file case.st_archive
Setting resource.RLIMIT_STACK to -1 from (8388608, -1)
GET_REFCASE is false, the user is expected to stage the refcase to the run directory.
  2023-10-20 17:58:44 atm 
Create namelist for component eam
   Calling /global/cfs/cdirs/mp9/e3sm_tags/E3SMv2.1/components/eam//cime_config/buildnml
  2023-10-20 17:58:44 lnd 
Create namelist for component elm
   Calling /global/cfs/cdirs/mp9/e3sm_tags/E3SMv2.1/components/elm/cime_config/buildnml
  2023-10-20 17:58:44 ice 
Create namelist for component mpassi
   Calling /global/cfs/cdirs/mp9/e3sm_tags/E3SMv2.1/components/mpas-seaice/cime_config/buildnml
  2023-10-20 17:58:45 ocn 
Create namelist for component mpaso
   Calling /global/cfs/cdirs/mp9/e3sm_tags/E3SMv2.1/components/mpas-ocean/cime_config/buildnml
  2023-10-20 17:58:48 rof 
Create namelist for component mosart
   Calling /global/cfs/cdirs/mp9/e3sm_tags/E3SMv2.1/components/mosart//cime_config/buildnml
  2023-10-20 17:58:48 glc 
Create namelist for component sglc
   Calling /global/cfs/cdirs/mp9/e3sm_tags/E3SMv2.1/components/stub_comps/sglc/cime_config/buildnml
  2023-10-20 17:58:48 wav 
Create namelist for component swav
   Calling /global/cfs/cdirs/mp9/e3sm_tags/E3SMv2.1/components/stub_comps/swav/cime_config/buildnml
  2023-10-20 17:58:48 iac 
Create namelist for component siac
   Calling /global/cfs/cdirs/mp9/e3sm_tags/E3SMv2.1/components/stub_comps/siac/cime_config/buildnml
  2023-10-20 17:58:48 esp 
Create namelist for component sesp
   Calling /global/cfs/cdirs/mp9/e3sm_tags/E3SMv2.1/components/stub_comps/sesp/cime_config/buildnml
  2023-10-20 17:58:48 cpl 
Create namelist for component drv
   Calling /global/cfs/cdirs/mp9/e3sm_tags/E3SMv2.1/driver-mct/cime_config/buildnml
Checking that inputdata is available as part of case submission
Setting resource.RLIMIT_STACK to -1 from (-1, -1)
Loading input file list: 'Buildconf/mosart.input_data_list'
Loading input file list: 'Buildconf/mpaso.input_data_list'
Loading input file list: 'Buildconf/cpl.input_data_list'
Loading input file list: 'Buildconf/elm.input_data_list'
Loading input file list: 'Buildconf/eam.input_data_list'
Loading input file list: 'Buildconf/mpassi.input_data_list'
GET_REFCASE is false, the user is expected to stage the refcase to the run directory.
Check case OK
submit_jobs case.run
Submit job case.run
Deprecated "arg" node detected in /pscratch/sd/n/nanr/v21.LR.SMYLE/v21.LR.BSMYLE.1982-11.001/case_scripts.005/env_batch.xml, check files /global/cfs/cdirs/mp9/e3sm_tags/E3SMv2.1/cime_config/machines/config_batch.xml
Submitting job script sbatch --time 12:00:00 -q regular --account mp9 .case.run --resubmit
Submitted job id is 17225385
Submit job case.st_archive
Deprecated "arg" node detected in /pscratch/sd/n/nanr/v21.LR.SMYLE/v21.LR.BSMYLE.1982-11.001/case_scripts.005/env_batch.xml, check files /global/cfs/cdirs/mp9/e3sm_tags/E3SMv2.1/cime_config/machines/config_batch.xml
Submitting job script sbatch --time 00:20:00 -q regular --account mp9 --dependency=afterok:17225385 case.st_archive --resubmit
Submitted job id is 17225386
Submitted job case.run with id 17225385
Submitted job case.st_archive with id 17225386

----- All done -----

6
006

----- Skipping fetch_code -----


----- Starting create_newcase -----

Compset longname is 20TRSOI_EAM%CMIP6_ELM%SPBC_MPASSI_MPASO_MOSART_SGLC_SWAV
Compset specification file is /global/cfs/cdirs/mp9/e3sm_tags/E3SMv2.1/cime_config/allactive/config_compsets.xml
Automatically adding SIAC to compset
Automatically adding SESP to compset
Compset forcing is 
ATM component is cam5 physics:EAM with complete set of E3SM atmospheric mods for V1 (72 layers model) and ACES4BGC SOAG emissions- CMIP6-DECK:
LND component is clm4.5 physics:clm4.5 Satellite phenology:clm4.5 Satellite phenology with black carbon deposition:
ICE component is MPAS seaice:
OCN component is mpas ocean default:
ROF component is MOSART:
GLC component is Stub glacier (land ice) component
WAV component is Stub wave component
IAC component is Stub iac component
ESP component is Stub external system processing (ESP) component
Pes     specification file is /global/cfs/cdirs/mp9/e3sm_tags/E3SMv2.1/cime_config/allactive/config_pesall.xml
Machine is pm-cpu
Pes setting: grid match    is a%ne30.+_oi%.*EC.*to 
Pes setting: machine match is pm-cpu|alvarez 
Pes setting: compset_match is .*EAM.+ELM.+MPASSI.+MPASO.+MOSART.+ 
Pes setting: grid          is a%ne30np4.pg2_l%ne30np4.pg2_oi%EC30to60E2r2_r%r05_g%null_w%null_z%null_m%EC30to60E2r2 
Pes setting: compset       is 20TRSOI_EAM%CMIP6_ELM%SPBC_MPASSI_MPASO_MOSART_SGLC_SWAV_SIAC_SESP 
Pes setting: tasks       is {'NTASKS_ATM': 640, 'NTASKS_LND': 640, 'NTASKS_ROF': 640, 'NTASKS_ICE': 640, 'NTASKS_OCN': 256, 'NTASKS_CPL': 80} 
Pes setting: threads     is {'NTHRDS_ATM': 1, 'NTHRDS_LND': 1, 'NTHRDS_ROF': 1, 'NTHRDS_ICE': 1, 'NTHRDS_OCN': 1, 'NTHRDS_CPL': 1} 
Pes setting: rootpe      is {'ROOTPE_ATM': 0, 'ROOTPE_LND': 0, 'ROOTPE_ROF': 0, 'ROOTPE_ICE': 0, 'ROOTPE_OCN': 640, 'ROOTPE_CPL': 0} 
Pes setting: pstrid      is {'PSTRID_CPL': 8} 
Pes other settings: {'MAX_MPITASKS_PER_NODE': '128'}
Pes comments:  -compset A_WCYCL* -res ne30pg2_oECv3 with MPASO on 7 nodes, 128x1 c8 
setting additional fields from config_pes: {'MAX_MPITASKS_PER_NODE': '128'}
 Compset is: 20TRSOI_EAM%CMIP6_ELM%SPBC_MPASSI_MPASO_MOSART_SGLC_SWAV_SIAC_SESP 
 Grid is: a%ne30np4.pg2_l%ne30np4.pg2_oi%EC30to60E2r2_r%r05_g%null_w%null_z%null_m%EC30to60E2r2 
 Components in compset are: ['eam', 'elm', 'mpassi', 'mpaso', 'mosart', 'sglc', 'swav', 'siac', 'sesp'] 
No charge_account info available, using value from PROJECT
e3sm model version found: 0f362f469f
Batch_system_type is nersc_slurm
job is case.run USER_REQUESTED_WALLTIME 12:00:00 USER_REQUESTED_QUEUE None WALLTIME_FORMAT %H:%M:%S
job is case.st_archive USER_REQUESTED_WALLTIME None USER_REQUESTED_QUEUE None WALLTIME_FORMAT %H:%M:%S
 Creating Case directory /pscratch/sd/n/nanr/v21.LR.SMYLE/v21.LR.BSMYLE.1982-11.001/case_scripts.006

----- Starting case_setup -----

Successfully cleaned env_mach_specific.xml
Setting resource.RLIMIT_STACK to -1 from (8388608, -1)
job is case.run USER_REQUESTED_WALLTIME 12:00:00 USER_REQUESTED_QUEUE None WALLTIME_FORMAT %H:%M:%S
Creating batch scripts
Writing case.run script from input template /global/cfs/cdirs/mp9/e3sm_tags/E3SMv2.1/cime_config/machines/template.case.run
Creating file .case.run
Writing case.st_archive script from input template /global/cfs/cdirs/mp9/e3sm_tags/E3SMv2.1/cime_config/machines/template.st_archive
Creating file case.st_archive
Creating file .case.run.sh
Creating user_nl_xxx files for components and cpl
If an old case build already exists, might want to run 'case.build --clean' before building
Generating component namelists as part of setup
  2023-10-20 17:59:01 atm 
Create namelist for component eam
   Calling /global/cfs/cdirs/mp9/e3sm_tags/E3SMv2.1/components/eam//cime_config/buildnml
  2023-10-20 17:59:01 lnd 
Create namelist for component elm
   Calling /global/cfs/cdirs/mp9/e3sm_tags/E3SMv2.1/components/elm/cime_config/buildnml
  2023-10-20 17:59:02 ice 
Create namelist for component mpassi
   Calling /global/cfs/cdirs/mp9/e3sm_tags/E3SMv2.1/components/mpas-seaice/cime_config/buildnml
  2023-10-20 17:59:02 ocn 
Create namelist for component mpaso
   Calling /global/cfs/cdirs/mp9/e3sm_tags/E3SMv2.1/components/mpas-ocean/cime_config/buildnml
  2023-10-20 17:59:02 rof 
Create namelist for component mosart
   Calling /global/cfs/cdirs/mp9/e3sm_tags/E3SMv2.1/components/mosart//cime_config/buildnml
  2023-10-20 17:59:02 glc 
Create namelist for component sglc
   Calling /global/cfs/cdirs/mp9/e3sm_tags/E3SMv2.1/components/stub_comps/sglc/cime_config/buildnml
  2023-10-20 17:59:02 wav 
Create namelist for component swav
   Calling /global/cfs/cdirs/mp9/e3sm_tags/E3SMv2.1/components/stub_comps/swav/cime_config/buildnml
  2023-10-20 17:59:02 iac 
Create namelist for component siac
   Calling /global/cfs/cdirs/mp9/e3sm_tags/E3SMv2.1/components/stub_comps/siac/cime_config/buildnml
  2023-10-20 17:59:02 esp 
Create namelist for component sesp
   Calling /global/cfs/cdirs/mp9/e3sm_tags/E3SMv2.1/components/stub_comps/sesp/cime_config/buildnml
  2023-10-20 17:59:02 cpl 
Create namelist for component drv
   Calling /global/cfs/cdirs/mp9/e3sm_tags/E3SMv2.1/driver-mct/cime_config/buildnml
You can now run './preview_run' to get more info on how your case will be run
Here is the RUNDIR /pscratch/sd/n/nanr/v21.LR.SMYLE/v21.LR.BSMYLE.1982-11.001/run.006
atm_in
atm_modelio.nml
CASEROOT
cpl_modelio.nml
drv_flds_in
drv_in
esp_modelio.nml
glc_modelio.nml
iac_modelio.nml
ice_modelio.nml
lnd_in
lnd_modelio.nml
mosart_in
mpaso_in
mpassi_in
ocn_modelio.nml
rof_modelio.nml
seq_maps.rc
streams.ocean
streams.seaice
wav_modelio.nml
06

----- case_build -----

Using $OLD_EXECUTABLE = /pscratch/sd/n/nanr/v21.LR.SMYLE/exeroot/build
cp: -r not specified; omitting directory '/pscratch/sd/n/nanr/v21.LR.SMYLE/exeroot/build'
WARNING: Setting BUILD_COMPLETE = TRUE.  This is a little risky, but trusting the user.
For your changes to take effect, run:
./case.build --clean-all
./case.build
Setting resource.RLIMIT_STACK to -1 from (8388608, -1)
  2023-10-20 17:59:04 atm 
Create namelist for component eam
   Calling /global/cfs/cdirs/mp9/e3sm_tags/E3SMv2.1/components/eam//cime_config/buildnml
  2023-10-20 17:59:04 lnd 
Create namelist for component elm
   Calling /global/cfs/cdirs/mp9/e3sm_tags/E3SMv2.1/components/elm/cime_config/buildnml
  2023-10-20 17:59:05 ice 
Create namelist for component mpassi
   Calling /global/cfs/cdirs/mp9/e3sm_tags/E3SMv2.1/components/mpas-seaice/cime_config/buildnml
  2023-10-20 17:59:05 ocn 
Create namelist for component mpaso
   Calling /global/cfs/cdirs/mp9/e3sm_tags/E3SMv2.1/components/mpas-ocean/cime_config/buildnml
  2023-10-20 17:59:05 rof 
Create namelist for component mosart
   Calling /global/cfs/cdirs/mp9/e3sm_tags/E3SMv2.1/components/mosart//cime_config/buildnml
  2023-10-20 17:59:05 glc 
Create namelist for component sglc
   Calling /global/cfs/cdirs/mp9/e3sm_tags/E3SMv2.1/components/stub_comps/sglc/cime_config/buildnml
  2023-10-20 17:59:05 wav 
Create namelist for component swav
   Calling /global/cfs/cdirs/mp9/e3sm_tags/E3SMv2.1/components/stub_comps/swav/cime_config/buildnml
  2023-10-20 17:59:05 iac 
Create namelist for component siac
   Calling /global/cfs/cdirs/mp9/e3sm_tags/E3SMv2.1/components/stub_comps/siac/cime_config/buildnml
  2023-10-20 17:59:05 esp 
Create namelist for component sesp
   Calling /global/cfs/cdirs/mp9/e3sm_tags/E3SMv2.1/components/stub_comps/sesp/cime_config/buildnml
  2023-10-20 17:59:05 cpl 
Create namelist for component drv
   Calling /global/cfs/cdirs/mp9/e3sm_tags/E3SMv2.1/driver-mct/cime_config/buildnml

----- Starting runtime_options -----

Warning: $MODEL_START_TYPE = hybrid
$RUN_REFDIR = /global/cfs/cdirs/mp9/E3SMv2.1-SMYLE/inputdata/e3sm_init/v21.LR.SMYLE_IC.1982-11.01/
$RUN_REFCASE = v21.LR.SMYLE_IC.1982-11.01
$RUN_REFDATE = 1982-11-01


----- Saving run script for provenance -----

'run.v21.LR.BSMYLE.sh' -> '/pscratch/sd/n/nanr/v21.LR.SMYLE/v21.LR.BSMYLE.1982-11.001/case_scripts.006/run_script_provenance/run.v21.LR.BSMYLE.sh.20231020-175909'

----- Starting case_submit -----


env_batch.xml appears to have changed, regenerating batch scripts
manual edits to these file will be lost!

Creating batch scripts
Writing case.run script from input template /global/cfs/cdirs/mp9/e3sm_tags/E3SMv2.1/cime_config/machines/template.case.run
Creating file .case.run
Writing case.st_archive script from input template /global/cfs/cdirs/mp9/e3sm_tags/E3SMv2.1/cime_config/machines/template.st_archive
Creating file case.st_archive
Setting resource.RLIMIT_STACK to -1 from (8388608, -1)
GET_REFCASE is false, the user is expected to stage the refcase to the run directory.
  2023-10-20 17:59:13 atm 
Create namelist for component eam
   Calling /global/cfs/cdirs/mp9/e3sm_tags/E3SMv2.1/components/eam//cime_config/buildnml
  2023-10-20 17:59:13 lnd 
Create namelist for component elm
   Calling /global/cfs/cdirs/mp9/e3sm_tags/E3SMv2.1/components/elm/cime_config/buildnml
  2023-10-20 17:59:13 ice 
Create namelist for component mpassi
   Calling /global/cfs/cdirs/mp9/e3sm_tags/E3SMv2.1/components/mpas-seaice/cime_config/buildnml
  2023-10-20 17:59:14 ocn 
Create namelist for component mpaso
   Calling /global/cfs/cdirs/mp9/e3sm_tags/E3SMv2.1/components/mpas-ocean/cime_config/buildnml
  2023-10-20 17:59:17 rof 
Create namelist for component mosart
   Calling /global/cfs/cdirs/mp9/e3sm_tags/E3SMv2.1/components/mosart//cime_config/buildnml
  2023-10-20 17:59:17 glc 
Create namelist for component sglc
   Calling /global/cfs/cdirs/mp9/e3sm_tags/E3SMv2.1/components/stub_comps/sglc/cime_config/buildnml
  2023-10-20 17:59:17 wav 
Create namelist for component swav
   Calling /global/cfs/cdirs/mp9/e3sm_tags/E3SMv2.1/components/stub_comps/swav/cime_config/buildnml
  2023-10-20 17:59:17 iac 
Create namelist for component siac
   Calling /global/cfs/cdirs/mp9/e3sm_tags/E3SMv2.1/components/stub_comps/siac/cime_config/buildnml
  2023-10-20 17:59:17 esp 
Create namelist for component sesp
   Calling /global/cfs/cdirs/mp9/e3sm_tags/E3SMv2.1/components/stub_comps/sesp/cime_config/buildnml
  2023-10-20 17:59:17 cpl 
Create namelist for component drv
   Calling /global/cfs/cdirs/mp9/e3sm_tags/E3SMv2.1/driver-mct/cime_config/buildnml
Checking that inputdata is available as part of case submission
Setting resource.RLIMIT_STACK to -1 from (-1, -1)
Loading input file list: 'Buildconf/mosart.input_data_list'
Loading input file list: 'Buildconf/mpaso.input_data_list'
Loading input file list: 'Buildconf/cpl.input_data_list'
Loading input file list: 'Buildconf/elm.input_data_list'
Loading input file list: 'Buildconf/eam.input_data_list'
Loading input file list: 'Buildconf/mpassi.input_data_list'
GET_REFCASE is false, the user is expected to stage the refcase to the run directory.
Check case OK
submit_jobs case.run
Submit job case.run
Deprecated "arg" node detected in /pscratch/sd/n/nanr/v21.LR.SMYLE/v21.LR.BSMYLE.1982-11.001/case_scripts.006/env_batch.xml, check files /global/cfs/cdirs/mp9/e3sm_tags/E3SMv2.1/cime_config/machines/config_batch.xml
Submitting job script sbatch --time 12:00:00 -q regular --account mp9 .case.run --resubmit
Submitted job id is 17225389
Submit job case.st_archive
Deprecated "arg" node detected in /pscratch/sd/n/nanr/v21.LR.SMYLE/v21.LR.BSMYLE.1982-11.001/case_scripts.006/env_batch.xml, check files /global/cfs/cdirs/mp9/e3sm_tags/E3SMv2.1/cime_config/machines/config_batch.xml
Submitting job script sbatch --time 00:20:00 -q regular --account mp9 --dependency=afterok:17225389 case.st_archive --resubmit
Submitted job id is 17225390
Submitted job case.run with id 17225389
Submitted job case.st_archive with id 17225390

----- All done -----

7
007

----- Skipping fetch_code -----


----- Starting create_newcase -----

Compset longname is 20TRSOI_EAM%CMIP6_ELM%SPBC_MPASSI_MPASO_MOSART_SGLC_SWAV
Compset specification file is /global/cfs/cdirs/mp9/e3sm_tags/E3SMv2.1/cime_config/allactive/config_compsets.xml
Automatically adding SIAC to compset
Automatically adding SESP to compset
Compset forcing is 
ATM component is cam5 physics:EAM with complete set of E3SM atmospheric mods for V1 (72 layers model) and ACES4BGC SOAG emissions- CMIP6-DECK:
LND component is clm4.5 physics:clm4.5 Satellite phenology:clm4.5 Satellite phenology with black carbon deposition:
ICE component is MPAS seaice:
OCN component is mpas ocean default:
ROF component is MOSART:
GLC component is Stub glacier (land ice) component
WAV component is Stub wave component
IAC component is Stub iac component
ESP component is Stub external system processing (ESP) component
Pes     specification file is /global/cfs/cdirs/mp9/e3sm_tags/E3SMv2.1/cime_config/allactive/config_pesall.xml
Machine is pm-cpu
Pes setting: grid match    is a%ne30.+_oi%.*EC.*to 
Pes setting: machine match is pm-cpu|alvarez 
Pes setting: compset_match is .*EAM.+ELM.+MPASSI.+MPASO.+MOSART.+ 
Pes setting: grid          is a%ne30np4.pg2_l%ne30np4.pg2_oi%EC30to60E2r2_r%r05_g%null_w%null_z%null_m%EC30to60E2r2 
Pes setting: compset       is 20TRSOI_EAM%CMIP6_ELM%SPBC_MPASSI_MPASO_MOSART_SGLC_SWAV_SIAC_SESP 
Pes setting: tasks       is {'NTASKS_ATM': 640, 'NTASKS_LND': 640, 'NTASKS_ROF': 640, 'NTASKS_ICE': 640, 'NTASKS_OCN': 256, 'NTASKS_CPL': 80} 
Pes setting: threads     is {'NTHRDS_ATM': 1, 'NTHRDS_LND': 1, 'NTHRDS_ROF': 1, 'NTHRDS_ICE': 1, 'NTHRDS_OCN': 1, 'NTHRDS_CPL': 1} 
Pes setting: rootpe      is {'ROOTPE_ATM': 0, 'ROOTPE_LND': 0, 'ROOTPE_ROF': 0, 'ROOTPE_ICE': 0, 'ROOTPE_OCN': 640, 'ROOTPE_CPL': 0} 
Pes setting: pstrid      is {'PSTRID_CPL': 8} 
Pes other settings: {'MAX_MPITASKS_PER_NODE': '128'}
Pes comments:  -compset A_WCYCL* -res ne30pg2_oECv3 with MPASO on 7 nodes, 128x1 c8 
setting additional fields from config_pes: {'MAX_MPITASKS_PER_NODE': '128'}
 Compset is: 20TRSOI_EAM%CMIP6_ELM%SPBC_MPASSI_MPASO_MOSART_SGLC_SWAV_SIAC_SESP 
 Grid is: a%ne30np4.pg2_l%ne30np4.pg2_oi%EC30to60E2r2_r%r05_g%null_w%null_z%null_m%EC30to60E2r2 
 Components in compset are: ['eam', 'elm', 'mpassi', 'mpaso', 'mosart', 'sglc', 'swav', 'siac', 'sesp'] 
No charge_account info available, using value from PROJECT
e3sm model version found: 0f362f469f
Batch_system_type is nersc_slurm
job is case.run USER_REQUESTED_WALLTIME 12:00:00 USER_REQUESTED_QUEUE None WALLTIME_FORMAT %H:%M:%S
job is case.st_archive USER_REQUESTED_WALLTIME None USER_REQUESTED_QUEUE None WALLTIME_FORMAT %H:%M:%S
 Creating Case directory /pscratch/sd/n/nanr/v21.LR.SMYLE/v21.LR.BSMYLE.1982-11.001/case_scripts.007

----- Starting case_setup -----

Successfully cleaned env_mach_specific.xml
Setting resource.RLIMIT_STACK to -1 from (8388608, -1)
job is case.run USER_REQUESTED_WALLTIME 12:00:00 USER_REQUESTED_QUEUE None WALLTIME_FORMAT %H:%M:%S
Creating batch scripts
Writing case.run script from input template /global/cfs/cdirs/mp9/e3sm_tags/E3SMv2.1/cime_config/machines/template.case.run
Creating file .case.run
Writing case.st_archive script from input template /global/cfs/cdirs/mp9/e3sm_tags/E3SMv2.1/cime_config/machines/template.st_archive
Creating file case.st_archive
Creating file .case.run.sh
Creating user_nl_xxx files for components and cpl
If an old case build already exists, might want to run 'case.build --clean' before building
Generating component namelists as part of setup
  2023-10-20 17:59:28 atm 
Create namelist for component eam
   Calling /global/cfs/cdirs/mp9/e3sm_tags/E3SMv2.1/components/eam//cime_config/buildnml
  2023-10-20 17:59:28 lnd 
Create namelist for component elm
   Calling /global/cfs/cdirs/mp9/e3sm_tags/E3SMv2.1/components/elm/cime_config/buildnml
  2023-10-20 17:59:28 ice 
Create namelist for component mpassi
   Calling /global/cfs/cdirs/mp9/e3sm_tags/E3SMv2.1/components/mpas-seaice/cime_config/buildnml
  2023-10-20 17:59:29 ocn 
Create namelist for component mpaso
   Calling /global/cfs/cdirs/mp9/e3sm_tags/E3SMv2.1/components/mpas-ocean/cime_config/buildnml
  2023-10-20 17:59:29 rof 
Create namelist for component mosart
   Calling /global/cfs/cdirs/mp9/e3sm_tags/E3SMv2.1/components/mosart//cime_config/buildnml
  2023-10-20 17:59:29 glc 
Create namelist for component sglc
   Calling /global/cfs/cdirs/mp9/e3sm_tags/E3SMv2.1/components/stub_comps/sglc/cime_config/buildnml
  2023-10-20 17:59:29 wav 
Create namelist for component swav
   Calling /global/cfs/cdirs/mp9/e3sm_tags/E3SMv2.1/components/stub_comps/swav/cime_config/buildnml
  2023-10-20 17:59:29 iac 
Create namelist for component siac
   Calling /global/cfs/cdirs/mp9/e3sm_tags/E3SMv2.1/components/stub_comps/siac/cime_config/buildnml
  2023-10-20 17:59:29 esp 
Create namelist for component sesp
   Calling /global/cfs/cdirs/mp9/e3sm_tags/E3SMv2.1/components/stub_comps/sesp/cime_config/buildnml
  2023-10-20 17:59:29 cpl 
Create namelist for component drv
   Calling /global/cfs/cdirs/mp9/e3sm_tags/E3SMv2.1/driver-mct/cime_config/buildnml
You can now run './preview_run' to get more info on how your case will be run
Here is the RUNDIR /pscratch/sd/n/nanr/v21.LR.SMYLE/v21.LR.BSMYLE.1982-11.001/run.007
atm_in
atm_modelio.nml
CASEROOT
cpl_modelio.nml
drv_flds_in
drv_in
esp_modelio.nml
glc_modelio.nml
iac_modelio.nml
ice_modelio.nml
lnd_in
lnd_modelio.nml
mosart_in
mpaso_in
mpassi_in
ocn_modelio.nml
rof_modelio.nml
seq_maps.rc
streams.ocean
streams.seaice
wav_modelio.nml
07

----- case_build -----

Using $OLD_EXECUTABLE = /pscratch/sd/n/nanr/v21.LR.SMYLE/exeroot/build
cp: -r not specified; omitting directory '/pscratch/sd/n/nanr/v21.LR.SMYLE/exeroot/build'
WARNING: Setting BUILD_COMPLETE = TRUE.  This is a little risky, but trusting the user.
For your changes to take effect, run:
./case.build --clean-all
./case.build
Setting resource.RLIMIT_STACK to -1 from (8388608, -1)
  2023-10-20 17:59:31 atm 
Create namelist for component eam
   Calling /global/cfs/cdirs/mp9/e3sm_tags/E3SMv2.1/components/eam//cime_config/buildnml
  2023-10-20 17:59:31 lnd 
Create namelist for component elm
   Calling /global/cfs/cdirs/mp9/e3sm_tags/E3SMv2.1/components/elm/cime_config/buildnml
  2023-10-20 17:59:32 ice 
Create namelist for component mpassi
   Calling /global/cfs/cdirs/mp9/e3sm_tags/E3SMv2.1/components/mpas-seaice/cime_config/buildnml
  2023-10-20 17:59:32 ocn 
Create namelist for component mpaso
   Calling /global/cfs/cdirs/mp9/e3sm_tags/E3SMv2.1/components/mpas-ocean/cime_config/buildnml
  2023-10-20 17:59:32 rof 
Create namelist for component mosart
   Calling /global/cfs/cdirs/mp9/e3sm_tags/E3SMv2.1/components/mosart//cime_config/buildnml
  2023-10-20 17:59:32 glc 
Create namelist for component sglc
   Calling /global/cfs/cdirs/mp9/e3sm_tags/E3SMv2.1/components/stub_comps/sglc/cime_config/buildnml
  2023-10-20 17:59:32 wav 
Create namelist for component swav
   Calling /global/cfs/cdirs/mp9/e3sm_tags/E3SMv2.1/components/stub_comps/swav/cime_config/buildnml
  2023-10-20 17:59:32 iac 
Create namelist for component siac
   Calling /global/cfs/cdirs/mp9/e3sm_tags/E3SMv2.1/components/stub_comps/siac/cime_config/buildnml
  2023-10-20 17:59:32 esp 
Create namelist for component sesp
   Calling /global/cfs/cdirs/mp9/e3sm_tags/E3SMv2.1/components/stub_comps/sesp/cime_config/buildnml
  2023-10-20 17:59:32 cpl 
Create namelist for component drv
   Calling /global/cfs/cdirs/mp9/e3sm_tags/E3SMv2.1/driver-mct/cime_config/buildnml

----- Starting runtime_options -----

Warning: $MODEL_START_TYPE = hybrid
$RUN_REFDIR = /global/cfs/cdirs/mp9/E3SMv2.1-SMYLE/inputdata/e3sm_init/v21.LR.SMYLE_IC.1982-11.01/
$RUN_REFCASE = v21.LR.SMYLE_IC.1982-11.01
$RUN_REFDATE = 1982-11-01


----- Saving run script for provenance -----

'run.v21.LR.BSMYLE.sh' -> '/pscratch/sd/n/nanr/v21.LR.SMYLE/v21.LR.BSMYLE.1982-11.001/case_scripts.007/run_script_provenance/run.v21.LR.BSMYLE.sh.20231020-175936'

----- Starting case_submit -----


env_batch.xml appears to have changed, regenerating batch scripts
manual edits to these file will be lost!

Creating batch scripts
Writing case.run script from input template /global/cfs/cdirs/mp9/e3sm_tags/E3SMv2.1/cime_config/machines/template.case.run
Creating file .case.run
Writing case.st_archive script from input template /global/cfs/cdirs/mp9/e3sm_tags/E3SMv2.1/cime_config/machines/template.st_archive
Creating file case.st_archive
Setting resource.RLIMIT_STACK to -1 from (8388608, -1)
GET_REFCASE is false, the user is expected to stage the refcase to the run directory.
  2023-10-20 17:59:40 atm 
Create namelist for component eam
   Calling /global/cfs/cdirs/mp9/e3sm_tags/E3SMv2.1/components/eam//cime_config/buildnml
  2023-10-20 17:59:40 lnd 
Create namelist for component elm
   Calling /global/cfs/cdirs/mp9/e3sm_tags/E3SMv2.1/components/elm/cime_config/buildnml
  2023-10-20 17:59:40 ice 
Create namelist for component mpassi
   Calling /global/cfs/cdirs/mp9/e3sm_tags/E3SMv2.1/components/mpas-seaice/cime_config/buildnml
  2023-10-20 17:59:41 ocn 
Create namelist for component mpaso
   Calling /global/cfs/cdirs/mp9/e3sm_tags/E3SMv2.1/components/mpas-ocean/cime_config/buildnml
  2023-10-20 17:59:44 rof 
Create namelist for component mosart
   Calling /global/cfs/cdirs/mp9/e3sm_tags/E3SMv2.1/components/mosart//cime_config/buildnml
  2023-10-20 17:59:44 glc 
Create namelist for component sglc
   Calling /global/cfs/cdirs/mp9/e3sm_tags/E3SMv2.1/components/stub_comps/sglc/cime_config/buildnml
  2023-10-20 17:59:44 wav 
Create namelist for component swav
   Calling /global/cfs/cdirs/mp9/e3sm_tags/E3SMv2.1/components/stub_comps/swav/cime_config/buildnml
  2023-10-20 17:59:44 iac 
Create namelist for component siac
   Calling /global/cfs/cdirs/mp9/e3sm_tags/E3SMv2.1/components/stub_comps/siac/cime_config/buildnml
  2023-10-20 17:59:44 esp 
Create namelist for component sesp
   Calling /global/cfs/cdirs/mp9/e3sm_tags/E3SMv2.1/components/stub_comps/sesp/cime_config/buildnml
  2023-10-20 17:59:44 cpl 
Create namelist for component drv
   Calling /global/cfs/cdirs/mp9/e3sm_tags/E3SMv2.1/driver-mct/cime_config/buildnml
Checking that inputdata is available as part of case submission
Setting resource.RLIMIT_STACK to -1 from (-1, -1)
Loading input file list: 'Buildconf/mosart.input_data_list'
Loading input file list: 'Buildconf/mpaso.input_data_list'
Loading input file list: 'Buildconf/cpl.input_data_list'
Loading input file list: 'Buildconf/elm.input_data_list'
Loading input file list: 'Buildconf/eam.input_data_list'
Loading input file list: 'Buildconf/mpassi.input_data_list'
GET_REFCASE is false, the user is expected to stage the refcase to the run directory.
Check case OK
submit_jobs case.run
Submit job case.run
Deprecated "arg" node detected in /pscratch/sd/n/nanr/v21.LR.SMYLE/v21.LR.BSMYLE.1982-11.001/case_scripts.007/env_batch.xml, check files /global/cfs/cdirs/mp9/e3sm_tags/E3SMv2.1/cime_config/machines/config_batch.xml
Submitting job script sbatch --time 12:00:00 -q regular --account mp9 .case.run --resubmit
Submitted job id is 17225393
Submit job case.st_archive
Deprecated "arg" node detected in /pscratch/sd/n/nanr/v21.LR.SMYLE/v21.LR.BSMYLE.1982-11.001/case_scripts.007/env_batch.xml, check files /global/cfs/cdirs/mp9/e3sm_tags/E3SMv2.1/cime_config/machines/config_batch.xml
Submitting job script sbatch --time 00:20:00 -q regular --account mp9 --dependency=afterok:17225393 case.st_archive --resubmit
Submitted job id is 17225395
Submitted job case.run with id 17225393
Submitted job case.st_archive with id 17225395

----- All done -----

8
008

----- Skipping fetch_code -----


----- Starting create_newcase -----

Compset longname is 20TRSOI_EAM%CMIP6_ELM%SPBC_MPASSI_MPASO_MOSART_SGLC_SWAV
Compset specification file is /global/cfs/cdirs/mp9/e3sm_tags/E3SMv2.1/cime_config/allactive/config_compsets.xml
Automatically adding SIAC to compset
Automatically adding SESP to compset
Compset forcing is 
ATM component is cam5 physics:EAM with complete set of E3SM atmospheric mods for V1 (72 layers model) and ACES4BGC SOAG emissions- CMIP6-DECK:
LND component is clm4.5 physics:clm4.5 Satellite phenology:clm4.5 Satellite phenology with black carbon deposition:
ICE component is MPAS seaice:
OCN component is mpas ocean default:
ROF component is MOSART:
GLC component is Stub glacier (land ice) component
WAV component is Stub wave component
IAC component is Stub iac component
ESP component is Stub external system processing (ESP) component
Pes     specification file is /global/cfs/cdirs/mp9/e3sm_tags/E3SMv2.1/cime_config/allactive/config_pesall.xml
Machine is pm-cpu
Pes setting: grid match    is a%ne30.+_oi%.*EC.*to 
Pes setting: machine match is pm-cpu|alvarez 
Pes setting: compset_match is .*EAM.+ELM.+MPASSI.+MPASO.+MOSART.+ 
Pes setting: grid          is a%ne30np4.pg2_l%ne30np4.pg2_oi%EC30to60E2r2_r%r05_g%null_w%null_z%null_m%EC30to60E2r2 
Pes setting: compset       is 20TRSOI_EAM%CMIP6_ELM%SPBC_MPASSI_MPASO_MOSART_SGLC_SWAV_SIAC_SESP 
Pes setting: tasks       is {'NTASKS_ATM': 640, 'NTASKS_LND': 640, 'NTASKS_ROF': 640, 'NTASKS_ICE': 640, 'NTASKS_OCN': 256, 'NTASKS_CPL': 80} 
Pes setting: threads     is {'NTHRDS_ATM': 1, 'NTHRDS_LND': 1, 'NTHRDS_ROF': 1, 'NTHRDS_ICE': 1, 'NTHRDS_OCN': 1, 'NTHRDS_CPL': 1} 
Pes setting: rootpe      is {'ROOTPE_ATM': 0, 'ROOTPE_LND': 0, 'ROOTPE_ROF': 0, 'ROOTPE_ICE': 0, 'ROOTPE_OCN': 640, 'ROOTPE_CPL': 0} 
Pes setting: pstrid      is {'PSTRID_CPL': 8} 
Pes other settings: {'MAX_MPITASKS_PER_NODE': '128'}
Pes comments:  -compset A_WCYCL* -res ne30pg2_oECv3 with MPASO on 7 nodes, 128x1 c8 
setting additional fields from config_pes: {'MAX_MPITASKS_PER_NODE': '128'}
 Compset is: 20TRSOI_EAM%CMIP6_ELM%SPBC_MPASSI_MPASO_MOSART_SGLC_SWAV_SIAC_SESP 
 Grid is: a%ne30np4.pg2_l%ne30np4.pg2_oi%EC30to60E2r2_r%r05_g%null_w%null_z%null_m%EC30to60E2r2 
 Components in compset are: ['eam', 'elm', 'mpassi', 'mpaso', 'mosart', 'sglc', 'swav', 'siac', 'sesp'] 
No charge_account info available, using value from PROJECT
e3sm model version found: 0f362f469f
Batch_system_type is nersc_slurm
job is case.run USER_REQUESTED_WALLTIME 12:00:00 USER_REQUESTED_QUEUE None WALLTIME_FORMAT %H:%M:%S
job is case.st_archive USER_REQUESTED_WALLTIME None USER_REQUESTED_QUEUE None WALLTIME_FORMAT %H:%M:%S
 Creating Case directory /pscratch/sd/n/nanr/v21.LR.SMYLE/v21.LR.BSMYLE.1982-11.001/case_scripts.008

----- Starting case_setup -----

Successfully cleaned env_mach_specific.xml
Setting resource.RLIMIT_STACK to -1 from (8388608, -1)
job is case.run USER_REQUESTED_WALLTIME 12:00:00 USER_REQUESTED_QUEUE None WALLTIME_FORMAT %H:%M:%S
Creating batch scripts
Writing case.run script from input template /global/cfs/cdirs/mp9/e3sm_tags/E3SMv2.1/cime_config/machines/template.case.run
Creating file .case.run
Writing case.st_archive script from input template /global/cfs/cdirs/mp9/e3sm_tags/E3SMv2.1/cime_config/machines/template.st_archive
Creating file case.st_archive
Creating file .case.run.sh
Creating user_nl_xxx files for components and cpl
If an old case build already exists, might want to run 'case.build --clean' before building
Generating component namelists as part of setup
  2023-10-20 18:00:02 atm 
Create namelist for component eam
   Calling /global/cfs/cdirs/mp9/e3sm_tags/E3SMv2.1/components/eam//cime_config/buildnml
  2023-10-20 18:00:02 lnd 
Create namelist for component elm
   Calling /global/cfs/cdirs/mp9/e3sm_tags/E3SMv2.1/components/elm/cime_config/buildnml
  2023-10-20 18:00:03 ice 
Create namelist for component mpassi
   Calling /global/cfs/cdirs/mp9/e3sm_tags/E3SMv2.1/components/mpas-seaice/cime_config/buildnml
  2023-10-20 18:00:03 ocn 
Create namelist for component mpaso
   Calling /global/cfs/cdirs/mp9/e3sm_tags/E3SMv2.1/components/mpas-ocean/cime_config/buildnml
  2023-10-20 18:00:03 rof 
Create namelist for component mosart
   Calling /global/cfs/cdirs/mp9/e3sm_tags/E3SMv2.1/components/mosart//cime_config/buildnml
  2023-10-20 18:00:03 glc 
Create namelist for component sglc
   Calling /global/cfs/cdirs/mp9/e3sm_tags/E3SMv2.1/components/stub_comps/sglc/cime_config/buildnml
  2023-10-20 18:00:03 wav 
Create namelist for component swav
   Calling /global/cfs/cdirs/mp9/e3sm_tags/E3SMv2.1/components/stub_comps/swav/cime_config/buildnml
  2023-10-20 18:00:03 iac 
Create namelist for component siac
   Calling /global/cfs/cdirs/mp9/e3sm_tags/E3SMv2.1/components/stub_comps/siac/cime_config/buildnml
  2023-10-20 18:00:03 esp 
Create namelist for component sesp
   Calling /global/cfs/cdirs/mp9/e3sm_tags/E3SMv2.1/components/stub_comps/sesp/cime_config/buildnml
  2023-10-20 18:00:03 cpl 
Create namelist for component drv
   Calling /global/cfs/cdirs/mp9/e3sm_tags/E3SMv2.1/driver-mct/cime_config/buildnml
You can now run './preview_run' to get more info on how your case will be run
Here is the RUNDIR /pscratch/sd/n/nanr/v21.LR.SMYLE/v21.LR.BSMYLE.1982-11.001/run.008
atm_in
atm_modelio.nml
CASEROOT
cpl_modelio.nml
drv_flds_in
drv_in
esp_modelio.nml
glc_modelio.nml
iac_modelio.nml
ice_modelio.nml
lnd_in
lnd_modelio.nml
mosart_in
mpaso_in
mpassi_in
ocn_modelio.nml
rof_modelio.nml
seq_maps.rc
streams.ocean
streams.seaice
wav_modelio.nml
08

----- case_build -----

Using $OLD_EXECUTABLE = /pscratch/sd/n/nanr/v21.LR.SMYLE/exeroot/build
cp: -r not specified; omitting directory '/pscratch/sd/n/nanr/v21.LR.SMYLE/exeroot/build'
WARNING: Setting BUILD_COMPLETE = TRUE.  This is a little risky, but trusting the user.
For your changes to take effect, run:
./case.build --clean-all
./case.build
Setting resource.RLIMIT_STACK to -1 from (8388608, -1)
  2023-10-20 18:00:05 atm 
Create namelist for component eam
   Calling /global/cfs/cdirs/mp9/e3sm_tags/E3SMv2.1/components/eam//cime_config/buildnml
  2023-10-20 18:00:06 lnd 
Create namelist for component elm
   Calling /global/cfs/cdirs/mp9/e3sm_tags/E3SMv2.1/components/elm/cime_config/buildnml
  2023-10-20 18:00:06 ice 
Create namelist for component mpassi
   Calling /global/cfs/cdirs/mp9/e3sm_tags/E3SMv2.1/components/mpas-seaice/cime_config/buildnml
  2023-10-20 18:00:06 ocn 
Create namelist for component mpaso
   Calling /global/cfs/cdirs/mp9/e3sm_tags/E3SMv2.1/components/mpas-ocean/cime_config/buildnml
  2023-10-20 18:00:06 rof 
Create namelist for component mosart
   Calling /global/cfs/cdirs/mp9/e3sm_tags/E3SMv2.1/components/mosart//cime_config/buildnml
  2023-10-20 18:00:06 glc 
Create namelist for component sglc
   Calling /global/cfs/cdirs/mp9/e3sm_tags/E3SMv2.1/components/stub_comps/sglc/cime_config/buildnml
  2023-10-20 18:00:06 wav 
Create namelist for component swav
   Calling /global/cfs/cdirs/mp9/e3sm_tags/E3SMv2.1/components/stub_comps/swav/cime_config/buildnml
  2023-10-20 18:00:06 iac 
Create namelist for component siac
   Calling /global/cfs/cdirs/mp9/e3sm_tags/E3SMv2.1/components/stub_comps/siac/cime_config/buildnml
  2023-10-20 18:00:06 esp 
Create namelist for component sesp
   Calling /global/cfs/cdirs/mp9/e3sm_tags/E3SMv2.1/components/stub_comps/sesp/cime_config/buildnml
  2023-10-20 18:00:06 cpl 
Create namelist for component drv
   Calling /global/cfs/cdirs/mp9/e3sm_tags/E3SMv2.1/driver-mct/cime_config/buildnml

----- Starting runtime_options -----

Warning: $MODEL_START_TYPE = hybrid
$RUN_REFDIR = /global/cfs/cdirs/mp9/E3SMv2.1-SMYLE/inputdata/e3sm_init/v21.LR.SMYLE_IC.1982-11.01/
$RUN_REFCASE = v21.LR.SMYLE_IC.1982-11.01
$RUN_REFDATE = 1982-11-01


----- Saving run script for provenance -----

'run.v21.LR.BSMYLE.sh' -> '/pscratch/sd/n/nanr/v21.LR.SMYLE/v21.LR.BSMYLE.1982-11.001/case_scripts.008/run_script_provenance/run.v21.LR.BSMYLE.sh.20231020-180011'

----- Starting case_submit -----


env_batch.xml appears to have changed, regenerating batch scripts
manual edits to these file will be lost!

Creating batch scripts
Writing case.run script from input template /global/cfs/cdirs/mp9/e3sm_tags/E3SMv2.1/cime_config/machines/template.case.run
Creating file .case.run
Writing case.st_archive script from input template /global/cfs/cdirs/mp9/e3sm_tags/E3SMv2.1/cime_config/machines/template.st_archive
Creating file case.st_archive
Setting resource.RLIMIT_STACK to -1 from (8388608, -1)
GET_REFCASE is false, the user is expected to stage the refcase to the run directory.
  2023-10-20 18:00:15 atm 
Create namelist for component eam
   Calling /global/cfs/cdirs/mp9/e3sm_tags/E3SMv2.1/components/eam//cime_config/buildnml
  2023-10-20 18:00:15 lnd 
Create namelist for component elm
   Calling /global/cfs/cdirs/mp9/e3sm_tags/E3SMv2.1/components/elm/cime_config/buildnml
  2023-10-20 18:00:15 ice 
Create namelist for component mpassi
   Calling /global/cfs/cdirs/mp9/e3sm_tags/E3SMv2.1/components/mpas-seaice/cime_config/buildnml
  2023-10-20 18:00:17 ocn 
Create namelist for component mpaso
   Calling /global/cfs/cdirs/mp9/e3sm_tags/E3SMv2.1/components/mpas-ocean/cime_config/buildnml
  2023-10-20 18:00:19 rof 
Create namelist for component mosart
   Calling /global/cfs/cdirs/mp9/e3sm_tags/E3SMv2.1/components/mosart//cime_config/buildnml
  2023-10-20 18:00:20 glc 
Create namelist for component sglc
   Calling /global/cfs/cdirs/mp9/e3sm_tags/E3SMv2.1/components/stub_comps/sglc/cime_config/buildnml
  2023-10-20 18:00:20 wav 
Create namelist for component swav
   Calling /global/cfs/cdirs/mp9/e3sm_tags/E3SMv2.1/components/stub_comps/swav/cime_config/buildnml
  2023-10-20 18:00:20 iac 
Create namelist for component siac
   Calling /global/cfs/cdirs/mp9/e3sm_tags/E3SMv2.1/components/stub_comps/siac/cime_config/buildnml
  2023-10-20 18:00:20 esp 
Create namelist for component sesp
   Calling /global/cfs/cdirs/mp9/e3sm_tags/E3SMv2.1/components/stub_comps/sesp/cime_config/buildnml
  2023-10-20 18:00:20 cpl 
Create namelist for component drv
   Calling /global/cfs/cdirs/mp9/e3sm_tags/E3SMv2.1/driver-mct/cime_config/buildnml
Checking that inputdata is available as part of case submission
Setting resource.RLIMIT_STACK to -1 from (-1, -1)
Loading input file list: 'Buildconf/mosart.input_data_list'
Loading input file list: 'Buildconf/mpaso.input_data_list'
Loading input file list: 'Buildconf/cpl.input_data_list'
Loading input file list: 'Buildconf/elm.input_data_list'
Loading input file list: 'Buildconf/eam.input_data_list'
Loading input file list: 'Buildconf/mpassi.input_data_list'
GET_REFCASE is false, the user is expected to stage the refcase to the run directory.
Check case OK
submit_jobs case.run
Submit job case.run
Deprecated "arg" node detected in /pscratch/sd/n/nanr/v21.LR.SMYLE/v21.LR.BSMYLE.1982-11.001/case_scripts.008/env_batch.xml, check files /global/cfs/cdirs/mp9/e3sm_tags/E3SMv2.1/cime_config/machines/config_batch.xml
Submitting job script sbatch --time 12:00:00 -q regular --account mp9 .case.run --resubmit
Submitted job id is 17225399
Submit job case.st_archive
Deprecated "arg" node detected in /pscratch/sd/n/nanr/v21.LR.SMYLE/v21.LR.BSMYLE.1982-11.001/case_scripts.008/env_batch.xml, check files /global/cfs/cdirs/mp9/e3sm_tags/E3SMv2.1/cime_config/machines/config_batch.xml
Submitting job script sbatch --time 00:20:00 -q regular --account mp9 --dependency=afterok:17225399 case.st_archive --resubmit
Submitted job id is 17225400
Submitted job case.run with id 17225399
Submitted job case.st_archive with id 17225400

----- All done -----

9
009

----- Skipping fetch_code -----


----- Starting create_newcase -----

Compset longname is 20TRSOI_EAM%CMIP6_ELM%SPBC_MPASSI_MPASO_MOSART_SGLC_SWAV
Compset specification file is /global/cfs/cdirs/mp9/e3sm_tags/E3SMv2.1/cime_config/allactive/config_compsets.xml
Automatically adding SIAC to compset
Automatically adding SESP to compset
Compset forcing is 
ATM component is cam5 physics:EAM with complete set of E3SM atmospheric mods for V1 (72 layers model) and ACES4BGC SOAG emissions- CMIP6-DECK:
LND component is clm4.5 physics:clm4.5 Satellite phenology:clm4.5 Satellite phenology with black carbon deposition:
ICE component is MPAS seaice:
OCN component is mpas ocean default:
ROF component is MOSART:
GLC component is Stub glacier (land ice) component
WAV component is Stub wave component
IAC component is Stub iac component
ESP component is Stub external system processing (ESP) component
Pes     specification file is /global/cfs/cdirs/mp9/e3sm_tags/E3SMv2.1/cime_config/allactive/config_pesall.xml
Machine is pm-cpu
Pes setting: grid match    is a%ne30.+_oi%.*EC.*to 
Pes setting: machine match is pm-cpu|alvarez 
Pes setting: compset_match is .*EAM.+ELM.+MPASSI.+MPASO.+MOSART.+ 
Pes setting: grid          is a%ne30np4.pg2_l%ne30np4.pg2_oi%EC30to60E2r2_r%r05_g%null_w%null_z%null_m%EC30to60E2r2 
Pes setting: compset       is 20TRSOI_EAM%CMIP6_ELM%SPBC_MPASSI_MPASO_MOSART_SGLC_SWAV_SIAC_SESP 
Pes setting: tasks       is {'NTASKS_ATM': 640, 'NTASKS_LND': 640, 'NTASKS_ROF': 640, 'NTASKS_ICE': 640, 'NTASKS_OCN': 256, 'NTASKS_CPL': 80} 
Pes setting: threads     is {'NTHRDS_ATM': 1, 'NTHRDS_LND': 1, 'NTHRDS_ROF': 1, 'NTHRDS_ICE': 1, 'NTHRDS_OCN': 1, 'NTHRDS_CPL': 1} 
Pes setting: rootpe      is {'ROOTPE_ATM': 0, 'ROOTPE_LND': 0, 'ROOTPE_ROF': 0, 'ROOTPE_ICE': 0, 'ROOTPE_OCN': 640, 'ROOTPE_CPL': 0} 
Pes setting: pstrid      is {'PSTRID_CPL': 8} 
Pes other settings: {'MAX_MPITASKS_PER_NODE': '128'}
Pes comments:  -compset A_WCYCL* -res ne30pg2_oECv3 with MPASO on 7 nodes, 128x1 c8 
setting additional fields from config_pes: {'MAX_MPITASKS_PER_NODE': '128'}
 Compset is: 20TRSOI_EAM%CMIP6_ELM%SPBC_MPASSI_MPASO_MOSART_SGLC_SWAV_SIAC_SESP 
 Grid is: a%ne30np4.pg2_l%ne30np4.pg2_oi%EC30to60E2r2_r%r05_g%null_w%null_z%null_m%EC30to60E2r2 
 Components in compset are: ['eam', 'elm', 'mpassi', 'mpaso', 'mosart', 'sglc', 'swav', 'siac', 'sesp'] 
No charge_account info available, using value from PROJECT
e3sm model version found: 0f362f469f
Batch_system_type is nersc_slurm
job is case.run USER_REQUESTED_WALLTIME 12:00:00 USER_REQUESTED_QUEUE None WALLTIME_FORMAT %H:%M:%S
job is case.st_archive USER_REQUESTED_WALLTIME None USER_REQUESTED_QUEUE None WALLTIME_FORMAT %H:%M:%S
 Creating Case directory /pscratch/sd/n/nanr/v21.LR.SMYLE/v21.LR.BSMYLE.1982-11.001/case_scripts.009

----- Starting case_setup -----

Successfully cleaned env_mach_specific.xml
Setting resource.RLIMIT_STACK to -1 from (8388608, -1)
job is case.run USER_REQUESTED_WALLTIME 12:00:00 USER_REQUESTED_QUEUE None WALLTIME_FORMAT %H:%M:%S
Creating batch scripts
Writing case.run script from input template /global/cfs/cdirs/mp9/e3sm_tags/E3SMv2.1/cime_config/machines/template.case.run
Creating file .case.run
Writing case.st_archive script from input template /global/cfs/cdirs/mp9/e3sm_tags/E3SMv2.1/cime_config/machines/template.st_archive
Creating file case.st_archive
Creating file .case.run.sh
Creating user_nl_xxx files for components and cpl
If an old case build already exists, might want to run 'case.build --clean' before building
Generating component namelists as part of setup
  2023-10-20 18:00:33 atm 
Create namelist for component eam
   Calling /global/cfs/cdirs/mp9/e3sm_tags/E3SMv2.1/components/eam//cime_config/buildnml
  2023-10-20 18:00:34 lnd 
Create namelist for component elm
   Calling /global/cfs/cdirs/mp9/e3sm_tags/E3SMv2.1/components/elm/cime_config/buildnml
  2023-10-20 18:00:34 ice 
Create namelist for component mpassi
   Calling /global/cfs/cdirs/mp9/e3sm_tags/E3SMv2.1/components/mpas-seaice/cime_config/buildnml
  2023-10-20 18:00:34 ocn 
Create namelist for component mpaso
   Calling /global/cfs/cdirs/mp9/e3sm_tags/E3SMv2.1/components/mpas-ocean/cime_config/buildnml
  2023-10-20 18:00:34 rof 
Create namelist for component mosart
   Calling /global/cfs/cdirs/mp9/e3sm_tags/E3SMv2.1/components/mosart//cime_config/buildnml
  2023-10-20 18:00:34 glc 
Create namelist for component sglc
   Calling /global/cfs/cdirs/mp9/e3sm_tags/E3SMv2.1/components/stub_comps/sglc/cime_config/buildnml
  2023-10-20 18:00:34 wav 
Create namelist for component swav
   Calling /global/cfs/cdirs/mp9/e3sm_tags/E3SMv2.1/components/stub_comps/swav/cime_config/buildnml
  2023-10-20 18:00:34 iac 
Create namelist for component siac
   Calling /global/cfs/cdirs/mp9/e3sm_tags/E3SMv2.1/components/stub_comps/siac/cime_config/buildnml
  2023-10-20 18:00:34 esp 
Create namelist for component sesp
   Calling /global/cfs/cdirs/mp9/e3sm_tags/E3SMv2.1/components/stub_comps/sesp/cime_config/buildnml
  2023-10-20 18:00:34 cpl 
Create namelist for component drv
   Calling /global/cfs/cdirs/mp9/e3sm_tags/E3SMv2.1/driver-mct/cime_config/buildnml
You can now run './preview_run' to get more info on how your case will be run
Here is the RUNDIR /pscratch/sd/n/nanr/v21.LR.SMYLE/v21.LR.BSMYLE.1982-11.001/run.009
atm_in
atm_modelio.nml
CASEROOT
cpl_modelio.nml
drv_flds_in
drv_in
esp_modelio.nml
glc_modelio.nml
iac_modelio.nml
ice_modelio.nml
lnd_in
lnd_modelio.nml
mosart_in
mpaso_in
mpassi_in
ocn_modelio.nml
rof_modelio.nml
seq_maps.rc
streams.ocean
streams.seaice
wav_modelio.nml
09

----- case_build -----

Using $OLD_EXECUTABLE = /pscratch/sd/n/nanr/v21.LR.SMYLE/exeroot/build
cp: -r not specified; omitting directory '/pscratch/sd/n/nanr/v21.LR.SMYLE/exeroot/build'
WARNING: Setting BUILD_COMPLETE = TRUE.  This is a little risky, but trusting the user.
For your changes to take effect, run:
./case.build --clean-all
./case.build
Setting resource.RLIMIT_STACK to -1 from (8388608, -1)
  2023-10-20 18:00:37 atm 
Create namelist for component eam
   Calling /global/cfs/cdirs/mp9/e3sm_tags/E3SMv2.1/components/eam//cime_config/buildnml
  2023-10-20 18:00:37 lnd 
Create namelist for component elm
   Calling /global/cfs/cdirs/mp9/e3sm_tags/E3SMv2.1/components/elm/cime_config/buildnml
  2023-10-20 18:00:37 ice 
Create namelist for component mpassi
   Calling /global/cfs/cdirs/mp9/e3sm_tags/E3SMv2.1/components/mpas-seaice/cime_config/buildnml
  2023-10-20 18:00:37 ocn 
Create namelist for component mpaso
   Calling /global/cfs/cdirs/mp9/e3sm_tags/E3SMv2.1/components/mpas-ocean/cime_config/buildnml
  2023-10-20 18:00:37 rof 
Create namelist for component mosart
   Calling /global/cfs/cdirs/mp9/e3sm_tags/E3SMv2.1/components/mosart//cime_config/buildnml
  2023-10-20 18:00:37 glc 
Create namelist for component sglc
   Calling /global/cfs/cdirs/mp9/e3sm_tags/E3SMv2.1/components/stub_comps/sglc/cime_config/buildnml
  2023-10-20 18:00:37 wav 
Create namelist for component swav
   Calling /global/cfs/cdirs/mp9/e3sm_tags/E3SMv2.1/components/stub_comps/swav/cime_config/buildnml
  2023-10-20 18:00:37 iac 
Create namelist for component siac
   Calling /global/cfs/cdirs/mp9/e3sm_tags/E3SMv2.1/components/stub_comps/siac/cime_config/buildnml
  2023-10-20 18:00:37 esp 
Create namelist for component sesp
   Calling /global/cfs/cdirs/mp9/e3sm_tags/E3SMv2.1/components/stub_comps/sesp/cime_config/buildnml
  2023-10-20 18:00:37 cpl 
Create namelist for component drv
   Calling /global/cfs/cdirs/mp9/e3sm_tags/E3SMv2.1/driver-mct/cime_config/buildnml

----- Starting runtime_options -----

Warning: $MODEL_START_TYPE = hybrid
$RUN_REFDIR = /global/cfs/cdirs/mp9/E3SMv2.1-SMYLE/inputdata/e3sm_init/v21.LR.SMYLE_IC.1982-11.01/
$RUN_REFCASE = v21.LR.SMYLE_IC.1982-11.01
$RUN_REFDATE = 1982-11-01


----- Saving run script for provenance -----

'run.v21.LR.BSMYLE.sh' -> '/pscratch/sd/n/nanr/v21.LR.SMYLE/v21.LR.BSMYLE.1982-11.001/case_scripts.009/run_script_provenance/run.v21.LR.BSMYLE.sh.20231020-180042'

----- Starting case_submit -----


env_batch.xml appears to have changed, regenerating batch scripts
manual edits to these file will be lost!

Creating batch scripts
Writing case.run script from input template /global/cfs/cdirs/mp9/e3sm_tags/E3SMv2.1/cime_config/machines/template.case.run
Creating file .case.run
Writing case.st_archive script from input template /global/cfs/cdirs/mp9/e3sm_tags/E3SMv2.1/cime_config/machines/template.st_archive
Creating file case.st_archive
Setting resource.RLIMIT_STACK to -1 from (8388608, -1)
GET_REFCASE is false, the user is expected to stage the refcase to the run directory.
  2023-10-20 18:00:45 atm 
Create namelist for component eam
   Calling /global/cfs/cdirs/mp9/e3sm_tags/E3SMv2.1/components/eam//cime_config/buildnml
  2023-10-20 18:00:45 lnd 
Create namelist for component elm
   Calling /global/cfs/cdirs/mp9/e3sm_tags/E3SMv2.1/components/elm/cime_config/buildnml
  2023-10-20 18:00:45 ice 
Create namelist for component mpassi
   Calling /global/cfs/cdirs/mp9/e3sm_tags/E3SMv2.1/components/mpas-seaice/cime_config/buildnml
  2023-10-20 18:00:47 ocn 
Create namelist for component mpaso
   Calling /global/cfs/cdirs/mp9/e3sm_tags/E3SMv2.1/components/mpas-ocean/cime_config/buildnml
  2023-10-20 18:00:49 rof 
Create namelist for component mosart
   Calling /global/cfs/cdirs/mp9/e3sm_tags/E3SMv2.1/components/mosart//cime_config/buildnml
  2023-10-20 18:00:49 glc 
Create namelist for component sglc
   Calling /global/cfs/cdirs/mp9/e3sm_tags/E3SMv2.1/components/stub_comps/sglc/cime_config/buildnml
  2023-10-20 18:00:49 wav 
Create namelist for component swav
   Calling /global/cfs/cdirs/mp9/e3sm_tags/E3SMv2.1/components/stub_comps/swav/cime_config/buildnml
  2023-10-20 18:00:49 iac 
Create namelist for component siac
   Calling /global/cfs/cdirs/mp9/e3sm_tags/E3SMv2.1/components/stub_comps/siac/cime_config/buildnml
  2023-10-20 18:00:49 esp 
Create namelist for component sesp
   Calling /global/cfs/cdirs/mp9/e3sm_tags/E3SMv2.1/components/stub_comps/sesp/cime_config/buildnml
  2023-10-20 18:00:49 cpl 
Create namelist for component drv
   Calling /global/cfs/cdirs/mp9/e3sm_tags/E3SMv2.1/driver-mct/cime_config/buildnml
Checking that inputdata is available as part of case submission
Setting resource.RLIMIT_STACK to -1 from (-1, -1)
Loading input file list: 'Buildconf/mosart.input_data_list'
Loading input file list: 'Buildconf/mpaso.input_data_list'
Loading input file list: 'Buildconf/cpl.input_data_list'
Loading input file list: 'Buildconf/elm.input_data_list'
Loading input file list: 'Buildconf/eam.input_data_list'
Loading input file list: 'Buildconf/mpassi.input_data_list'
GET_REFCASE is false, the user is expected to stage the refcase to the run directory.
Check case OK
submit_jobs case.run
Submit job case.run
Deprecated "arg" node detected in /pscratch/sd/n/nanr/v21.LR.SMYLE/v21.LR.BSMYLE.1982-11.001/case_scripts.009/env_batch.xml, check files /global/cfs/cdirs/mp9/e3sm_tags/E3SMv2.1/cime_config/machines/config_batch.xml
Submitting job script sbatch --time 12:00:00 -q regular --account mp9 .case.run --resubmit
Submitted job id is 17225401
Submit job case.st_archive
Deprecated "arg" node detected in /pscratch/sd/n/nanr/v21.LR.SMYLE/v21.LR.BSMYLE.1982-11.001/case_scripts.009/env_batch.xml, check files /global/cfs/cdirs/mp9/e3sm_tags/E3SMv2.1/cime_config/machines/config_batch.xml
Submitting job script sbatch --time 00:20:00 -q regular --account mp9 --dependency=afterok:17225401 case.st_archive --resubmit
Submitted job id is 17225402
Submitted job case.run with id 17225401
Submitted job case.st_archive with id 17225402

----- All done -----

10
010

----- Skipping fetch_code -----


----- Starting create_newcase -----

Compset longname is 20TRSOI_EAM%CMIP6_ELM%SPBC_MPASSI_MPASO_MOSART_SGLC_SWAV
Compset specification file is /global/cfs/cdirs/mp9/e3sm_tags/E3SMv2.1/cime_config/allactive/config_compsets.xml
Automatically adding SIAC to compset
Automatically adding SESP to compset
Compset forcing is 
ATM component is cam5 physics:EAM with complete set of E3SM atmospheric mods for V1 (72 layers model) and ACES4BGC SOAG emissions- CMIP6-DECK:
LND component is clm4.5 physics:clm4.5 Satellite phenology:clm4.5 Satellite phenology with black carbon deposition:
ICE component is MPAS seaice:
OCN component is mpas ocean default:
ROF component is MOSART:
GLC component is Stub glacier (land ice) component
WAV component is Stub wave component
IAC component is Stub iac component
ESP component is Stub external system processing (ESP) component
Pes     specification file is /global/cfs/cdirs/mp9/e3sm_tags/E3SMv2.1/cime_config/allactive/config_pesall.xml
Machine is pm-cpu
Pes setting: grid match    is a%ne30.+_oi%.*EC.*to 
Pes setting: machine match is pm-cpu|alvarez 
Pes setting: compset_match is .*EAM.+ELM.+MPASSI.+MPASO.+MOSART.+ 
Pes setting: grid          is a%ne30np4.pg2_l%ne30np4.pg2_oi%EC30to60E2r2_r%r05_g%null_w%null_z%null_m%EC30to60E2r2 
Pes setting: compset       is 20TRSOI_EAM%CMIP6_ELM%SPBC_MPASSI_MPASO_MOSART_SGLC_SWAV_SIAC_SESP 
Pes setting: tasks       is {'NTASKS_ATM': 640, 'NTASKS_LND': 640, 'NTASKS_ROF': 640, 'NTASKS_ICE': 640, 'NTASKS_OCN': 256, 'NTASKS_CPL': 80} 
Pes setting: threads     is {'NTHRDS_ATM': 1, 'NTHRDS_LND': 1, 'NTHRDS_ROF': 1, 'NTHRDS_ICE': 1, 'NTHRDS_OCN': 1, 'NTHRDS_CPL': 1} 
Pes setting: rootpe      is {'ROOTPE_ATM': 0, 'ROOTPE_LND': 0, 'ROOTPE_ROF': 0, 'ROOTPE_ICE': 0, 'ROOTPE_OCN': 640, 'ROOTPE_CPL': 0} 
Pes setting: pstrid      is {'PSTRID_CPL': 8} 
Pes other settings: {'MAX_MPITASKS_PER_NODE': '128'}
Pes comments:  -compset A_WCYCL* -res ne30pg2_oECv3 with MPASO on 7 nodes, 128x1 c8 
setting additional fields from config_pes: {'MAX_MPITASKS_PER_NODE': '128'}
 Compset is: 20TRSOI_EAM%CMIP6_ELM%SPBC_MPASSI_MPASO_MOSART_SGLC_SWAV_SIAC_SESP 
 Grid is: a%ne30np4.pg2_l%ne30np4.pg2_oi%EC30to60E2r2_r%r05_g%null_w%null_z%null_m%EC30to60E2r2 
 Components in compset are: ['eam', 'elm', 'mpassi', 'mpaso', 'mosart', 'sglc', 'swav', 'siac', 'sesp'] 
No charge_account info available, using value from PROJECT
e3sm model version found: 0f362f469f
Batch_system_type is nersc_slurm
job is case.run USER_REQUESTED_WALLTIME 12:00:00 USER_REQUESTED_QUEUE None WALLTIME_FORMAT %H:%M:%S
job is case.st_archive USER_REQUESTED_WALLTIME None USER_REQUESTED_QUEUE None WALLTIME_FORMAT %H:%M:%S
 Creating Case directory /pscratch/sd/n/nanr/v21.LR.SMYLE/v21.LR.BSMYLE.1982-11.001/case_scripts.010

----- Starting case_setup -----

Successfully cleaned env_mach_specific.xml
Setting resource.RLIMIT_STACK to -1 from (8388608, -1)
job is case.run USER_REQUESTED_WALLTIME 12:00:00 USER_REQUESTED_QUEUE None WALLTIME_FORMAT %H:%M:%S
Creating batch scripts
Writing case.run script from input template /global/cfs/cdirs/mp9/e3sm_tags/E3SMv2.1/cime_config/machines/template.case.run
Creating file .case.run
Writing case.st_archive script from input template /global/cfs/cdirs/mp9/e3sm_tags/E3SMv2.1/cime_config/machines/template.st_archive
Creating file case.st_archive
Creating file .case.run.sh
Creating user_nl_xxx files for components and cpl
If an old case build already exists, might want to run 'case.build --clean' before building
Generating component namelists as part of setup
  2023-10-20 18:01:07 atm 
Create namelist for component eam
   Calling /global/cfs/cdirs/mp9/e3sm_tags/E3SMv2.1/components/eam//cime_config/buildnml
  2023-10-20 18:01:08 lnd 
Create namelist for component elm
   Calling /global/cfs/cdirs/mp9/e3sm_tags/E3SMv2.1/components/elm/cime_config/buildnml
  2023-10-20 18:01:08 ice 
Create namelist for component mpassi
   Calling /global/cfs/cdirs/mp9/e3sm_tags/E3SMv2.1/components/mpas-seaice/cime_config/buildnml
  2023-10-20 18:01:08 ocn 
Create namelist for component mpaso
   Calling /global/cfs/cdirs/mp9/e3sm_tags/E3SMv2.1/components/mpas-ocean/cime_config/buildnml
  2023-10-20 18:01:08 rof 
Create namelist for component mosart
   Calling /global/cfs/cdirs/mp9/e3sm_tags/E3SMv2.1/components/mosart//cime_config/buildnml
  2023-10-20 18:01:08 glc 
Create namelist for component sglc
   Calling /global/cfs/cdirs/mp9/e3sm_tags/E3SMv2.1/components/stub_comps/sglc/cime_config/buildnml
  2023-10-20 18:01:08 wav 
Create namelist for component swav
   Calling /global/cfs/cdirs/mp9/e3sm_tags/E3SMv2.1/components/stub_comps/swav/cime_config/buildnml
  2023-10-20 18:01:08 iac 
Create namelist for component siac
   Calling /global/cfs/cdirs/mp9/e3sm_tags/E3SMv2.1/components/stub_comps/siac/cime_config/buildnml
  2023-10-20 18:01:08 esp 
Create namelist for component sesp
   Calling /global/cfs/cdirs/mp9/e3sm_tags/E3SMv2.1/components/stub_comps/sesp/cime_config/buildnml
  2023-10-20 18:01:08 cpl 
Create namelist for component drv
   Calling /global/cfs/cdirs/mp9/e3sm_tags/E3SMv2.1/driver-mct/cime_config/buildnml
You can now run './preview_run' to get more info on how your case will be run
Here is the RUNDIR /pscratch/sd/n/nanr/v21.LR.SMYLE/v21.LR.BSMYLE.1982-11.001/run.010
atm_in
atm_modelio.nml
CASEROOT
cpl_modelio.nml
drv_flds_in
drv_in
esp_modelio.nml
glc_modelio.nml
iac_modelio.nml
ice_modelio.nml
lnd_in
lnd_modelio.nml
mosart_in
mpaso_in
mpassi_in
ocn_modelio.nml
rof_modelio.nml
seq_maps.rc
streams.ocean
streams.seaice
wav_modelio.nml
10

----- case_build -----

Using $OLD_EXECUTABLE = /pscratch/sd/n/nanr/v21.LR.SMYLE/exeroot/build
cp: -r not specified; omitting directory '/pscratch/sd/n/nanr/v21.LR.SMYLE/exeroot/build'
WARNING: Setting BUILD_COMPLETE = TRUE.  This is a little risky, but trusting the user.
For your changes to take effect, run:
./case.build --clean-all
./case.build
Setting resource.RLIMIT_STACK to -1 from (8388608, -1)
  2023-10-20 18:01:10 atm 
Create namelist for component eam
   Calling /global/cfs/cdirs/mp9/e3sm_tags/E3SMv2.1/components/eam//cime_config/buildnml
  2023-10-20 18:01:11 lnd 
Create namelist for component elm
   Calling /global/cfs/cdirs/mp9/e3sm_tags/E3SMv2.1/components/elm/cime_config/buildnml
  2023-10-20 18:01:11 ice 
Create namelist for component mpassi
   Calling /global/cfs/cdirs/mp9/e3sm_tags/E3SMv2.1/components/mpas-seaice/cime_config/buildnml
  2023-10-20 18:01:11 ocn 
Create namelist for component mpaso
   Calling /global/cfs/cdirs/mp9/e3sm_tags/E3SMv2.1/components/mpas-ocean/cime_config/buildnml
  2023-10-20 18:01:11 rof 
Create namelist for component mosart
   Calling /global/cfs/cdirs/mp9/e3sm_tags/E3SMv2.1/components/mosart//cime_config/buildnml
  2023-10-20 18:01:11 glc 
Create namelist for component sglc
   Calling /global/cfs/cdirs/mp9/e3sm_tags/E3SMv2.1/components/stub_comps/sglc/cime_config/buildnml
  2023-10-20 18:01:11 wav 
Create namelist for component swav
   Calling /global/cfs/cdirs/mp9/e3sm_tags/E3SMv2.1/components/stub_comps/swav/cime_config/buildnml
  2023-10-20 18:01:11 iac 
Create namelist for component siac
   Calling /global/cfs/cdirs/mp9/e3sm_tags/E3SMv2.1/components/stub_comps/siac/cime_config/buildnml
  2023-10-20 18:01:11 esp 
Create namelist for component sesp
   Calling /global/cfs/cdirs/mp9/e3sm_tags/E3SMv2.1/components/stub_comps/sesp/cime_config/buildnml
  2023-10-20 18:01:11 cpl 
Create namelist for component drv
   Calling /global/cfs/cdirs/mp9/e3sm_tags/E3SMv2.1/driver-mct/cime_config/buildnml

----- Starting runtime_options -----

Warning: $MODEL_START_TYPE = hybrid
$RUN_REFDIR = /global/cfs/cdirs/mp9/E3SMv2.1-SMYLE/inputdata/e3sm_init/v21.LR.SMYLE_IC.1982-11.01/
$RUN_REFCASE = v21.LR.SMYLE_IC.1982-11.01
$RUN_REFDATE = 1982-11-01


----- Saving run script for provenance -----

'run.v21.LR.BSMYLE.sh' -> '/pscratch/sd/n/nanr/v21.LR.SMYLE/v21.LR.BSMYLE.1982-11.001/case_scripts.010/run_script_provenance/run.v21.LR.BSMYLE.sh.20231020-180116'

----- Starting case_submit -----


env_batch.xml appears to have changed, regenerating batch scripts
manual edits to these file will be lost!

Creating batch scripts
Writing case.run script from input template /global/cfs/cdirs/mp9/e3sm_tags/E3SMv2.1/cime_config/machines/template.case.run
Creating file .case.run
Writing case.st_archive script from input template /global/cfs/cdirs/mp9/e3sm_tags/E3SMv2.1/cime_config/machines/template.st_archive
Creating file case.st_archive
Setting resource.RLIMIT_STACK to -1 from (8388608, -1)
GET_REFCASE is false, the user is expected to stage the refcase to the run directory.
  2023-10-20 18:01:19 atm 
Create namelist for component eam
   Calling /global/cfs/cdirs/mp9/e3sm_tags/E3SMv2.1/components/eam//cime_config/buildnml
  2023-10-20 18:01:19 lnd 
Create namelist for component elm
   Calling /global/cfs/cdirs/mp9/e3sm_tags/E3SMv2.1/components/elm/cime_config/buildnml
  2023-10-20 18:01:19 ice 
Create namelist for component mpassi
   Calling /global/cfs/cdirs/mp9/e3sm_tags/E3SMv2.1/components/mpas-seaice/cime_config/buildnml
  2023-10-20 18:01:21 ocn 
Create namelist for component mpaso
   Calling /global/cfs/cdirs/mp9/e3sm_tags/E3SMv2.1/components/mpas-ocean/cime_config/buildnml
  2023-10-20 18:01:23 rof 
Create namelist for component mosart
   Calling /global/cfs/cdirs/mp9/e3sm_tags/E3SMv2.1/components/mosart//cime_config/buildnml
  2023-10-20 18:01:23 glc 
Create namelist for component sglc
   Calling /global/cfs/cdirs/mp9/e3sm_tags/E3SMv2.1/components/stub_comps/sglc/cime_config/buildnml
  2023-10-20 18:01:23 wav 
Create namelist for component swav
   Calling /global/cfs/cdirs/mp9/e3sm_tags/E3SMv2.1/components/stub_comps/swav/cime_config/buildnml
  2023-10-20 18:01:23 iac 
Create namelist for component siac
   Calling /global/cfs/cdirs/mp9/e3sm_tags/E3SMv2.1/components/stub_comps/siac/cime_config/buildnml
  2023-10-20 18:01:23 esp 
Create namelist for component sesp
   Calling /global/cfs/cdirs/mp9/e3sm_tags/E3SMv2.1/components/stub_comps/sesp/cime_config/buildnml
  2023-10-20 18:01:23 cpl 
Create namelist for component drv
   Calling /global/cfs/cdirs/mp9/e3sm_tags/E3SMv2.1/driver-mct/cime_config/buildnml
Checking that inputdata is available as part of case submission
Setting resource.RLIMIT_STACK to -1 from (-1, -1)
Loading input file list: 'Buildconf/mosart.input_data_list'
Loading input file list: 'Buildconf/mpaso.input_data_list'
Loading input file list: 'Buildconf/cpl.input_data_list'
Loading input file list: 'Buildconf/elm.input_data_list'
Loading input file list: 'Buildconf/eam.input_data_list'
Loading input file list: 'Buildconf/mpassi.input_data_list'
GET_REFCASE is false, the user is expected to stage the refcase to the run directory.
Check case OK
submit_jobs case.run
Submit job case.run
Deprecated "arg" node detected in /pscratch/sd/n/nanr/v21.LR.SMYLE/v21.LR.BSMYLE.1982-11.001/case_scripts.010/env_batch.xml, check files /global/cfs/cdirs/mp9/e3sm_tags/E3SMv2.1/cime_config/machines/config_batch.xml
Submitting job script sbatch --time 12:00:00 -q regular --account mp9 .case.run --resubmit
Submitted job id is 17225404
Submit job case.st_archive
Deprecated "arg" node detected in /pscratch/sd/n/nanr/v21.LR.SMYLE/v21.LR.BSMYLE.1982-11.001/case_scripts.010/env_batch.xml, check files /global/cfs/cdirs/mp9/e3sm_tags/E3SMv2.1/cime_config/machines/config_batch.xml
Submitting job script sbatch --time 00:20:00 -q regular --account mp9 --dependency=afterok:17225404 case.st_archive --resubmit
Submitted job id is 17225405
Submitted job case.run with id 17225404
Submitted job case.st_archive with id 17225405

----- All done -----

11
011

----- Skipping fetch_code -----


----- Starting create_newcase -----

Compset longname is 20TRSOI_EAM%CMIP6_ELM%SPBC_MPASSI_MPASO_MOSART_SGLC_SWAV
Compset specification file is /global/cfs/cdirs/mp9/e3sm_tags/E3SMv2.1/cime_config/allactive/config_compsets.xml
Automatically adding SIAC to compset
Automatically adding SESP to compset
Compset forcing is 
ATM component is cam5 physics:EAM with complete set of E3SM atmospheric mods for V1 (72 layers model) and ACES4BGC SOAG emissions- CMIP6-DECK:
LND component is clm4.5 physics:clm4.5 Satellite phenology:clm4.5 Satellite phenology with black carbon deposition:
ICE component is MPAS seaice:
OCN component is mpas ocean default:
ROF component is MOSART:
GLC component is Stub glacier (land ice) component
WAV component is Stub wave component
IAC component is Stub iac component
ESP component is Stub external system processing (ESP) component
Pes     specification file is /global/cfs/cdirs/mp9/e3sm_tags/E3SMv2.1/cime_config/allactive/config_pesall.xml
Machine is pm-cpu
Pes setting: grid match    is a%ne30.+_oi%.*EC.*to 
Pes setting: machine match is pm-cpu|alvarez 
Pes setting: compset_match is .*EAM.+ELM.+MPASSI.+MPASO.+MOSART.+ 
Pes setting: grid          is a%ne30np4.pg2_l%ne30np4.pg2_oi%EC30to60E2r2_r%r05_g%null_w%null_z%null_m%EC30to60E2r2 
Pes setting: compset       is 20TRSOI_EAM%CMIP6_ELM%SPBC_MPASSI_MPASO_MOSART_SGLC_SWAV_SIAC_SESP 
Pes setting: tasks       is {'NTASKS_ATM': 640, 'NTASKS_LND': 640, 'NTASKS_ROF': 640, 'NTASKS_ICE': 640, 'NTASKS_OCN': 256, 'NTASKS_CPL': 80} 
Pes setting: threads     is {'NTHRDS_ATM': 1, 'NTHRDS_LND': 1, 'NTHRDS_ROF': 1, 'NTHRDS_ICE': 1, 'NTHRDS_OCN': 1, 'NTHRDS_CPL': 1} 
Pes setting: rootpe      is {'ROOTPE_ATM': 0, 'ROOTPE_LND': 0, 'ROOTPE_ROF': 0, 'ROOTPE_ICE': 0, 'ROOTPE_OCN': 640, 'ROOTPE_CPL': 0} 
Pes setting: pstrid      is {'PSTRID_CPL': 8} 
Pes other settings: {'MAX_MPITASKS_PER_NODE': '128'}
Pes comments:  -compset A_WCYCL* -res ne30pg2_oECv3 with MPASO on 7 nodes, 128x1 c8 
setting additional fields from config_pes: {'MAX_MPITASKS_PER_NODE': '128'}
 Compset is: 20TRSOI_EAM%CMIP6_ELM%SPBC_MPASSI_MPASO_MOSART_SGLC_SWAV_SIAC_SESP 
 Grid is: a%ne30np4.pg2_l%ne30np4.pg2_oi%EC30to60E2r2_r%r05_g%null_w%null_z%null_m%EC30to60E2r2 
 Components in compset are: ['eam', 'elm', 'mpassi', 'mpaso', 'mosart', 'sglc', 'swav', 'siac', 'sesp'] 
No charge_account info available, using value from PROJECT
e3sm model version found: 0f362f469f
Batch_system_type is nersc_slurm
job is case.run USER_REQUESTED_WALLTIME 12:00:00 USER_REQUESTED_QUEUE None WALLTIME_FORMAT %H:%M:%S
job is case.st_archive USER_REQUESTED_WALLTIME None USER_REQUESTED_QUEUE None WALLTIME_FORMAT %H:%M:%S
 Creating Case directory /pscratch/sd/n/nanr/v21.LR.SMYLE/v21.LR.BSMYLE.1982-11.001/case_scripts.011

----- Starting case_setup -----

Successfully cleaned env_mach_specific.xml
Setting resource.RLIMIT_STACK to -1 from (8388608, -1)
job is case.run USER_REQUESTED_WALLTIME 12:00:00 USER_REQUESTED_QUEUE None WALLTIME_FORMAT %H:%M:%S
Creating batch scripts
Writing case.run script from input template /global/cfs/cdirs/mp9/e3sm_tags/E3SMv2.1/cime_config/machines/template.case.run
Creating file .case.run
Writing case.st_archive script from input template /global/cfs/cdirs/mp9/e3sm_tags/E3SMv2.1/cime_config/machines/template.st_archive
Creating file case.st_archive
Creating file .case.run.sh
Creating user_nl_xxx files for components and cpl
If an old case build already exists, might want to run 'case.build --clean' before building
Generating component namelists as part of setup
  2023-10-20 18:01:38 atm 
Create namelist for component eam
   Calling /global/cfs/cdirs/mp9/e3sm_tags/E3SMv2.1/components/eam//cime_config/buildnml
  2023-10-20 18:01:39 lnd 
Create namelist for component elm
   Calling /global/cfs/cdirs/mp9/e3sm_tags/E3SMv2.1/components/elm/cime_config/buildnml
  2023-10-20 18:01:39 ice 
Create namelist for component mpassi
   Calling /global/cfs/cdirs/mp9/e3sm_tags/E3SMv2.1/components/mpas-seaice/cime_config/buildnml
  2023-10-20 18:01:39 ocn 
Create namelist for component mpaso
   Calling /global/cfs/cdirs/mp9/e3sm_tags/E3SMv2.1/components/mpas-ocean/cime_config/buildnml
  2023-10-20 18:01:39 rof 
Create namelist for component mosart
   Calling /global/cfs/cdirs/mp9/e3sm_tags/E3SMv2.1/components/mosart//cime_config/buildnml
  2023-10-20 18:01:39 glc 
Create namelist for component sglc
   Calling /global/cfs/cdirs/mp9/e3sm_tags/E3SMv2.1/components/stub_comps/sglc/cime_config/buildnml
  2023-10-20 18:01:39 wav 
Create namelist for component swav
   Calling /global/cfs/cdirs/mp9/e3sm_tags/E3SMv2.1/components/stub_comps/swav/cime_config/buildnml
  2023-10-20 18:01:39 iac 
Create namelist for component siac
   Calling /global/cfs/cdirs/mp9/e3sm_tags/E3SMv2.1/components/stub_comps/siac/cime_config/buildnml
  2023-10-20 18:01:39 esp 
Create namelist for component sesp
   Calling /global/cfs/cdirs/mp9/e3sm_tags/E3SMv2.1/components/stub_comps/sesp/cime_config/buildnml
  2023-10-20 18:01:39 cpl 
Create namelist for component drv
   Calling /global/cfs/cdirs/mp9/e3sm_tags/E3SMv2.1/driver-mct/cime_config/buildnml
You can now run './preview_run' to get more info on how your case will be run
Here is the RUNDIR /pscratch/sd/n/nanr/v21.LR.SMYLE/v21.LR.BSMYLE.1982-11.001/run.011
atm_in
atm_modelio.nml
CASEROOT
cpl_modelio.nml
drv_flds_in
drv_in
esp_modelio.nml
glc_modelio.nml
iac_modelio.nml
ice_modelio.nml
lnd_in
lnd_modelio.nml
mosart_in
mpaso_in
mpassi_in
ocn_modelio.nml
rof_modelio.nml
seq_maps.rc
streams.ocean
streams.seaice
wav_modelio.nml
11

----- case_build -----

Using $OLD_EXECUTABLE = /pscratch/sd/n/nanr/v21.LR.SMYLE/exeroot/build
cp: -r not specified; omitting directory '/pscratch/sd/n/nanr/v21.LR.SMYLE/exeroot/build'
WARNING: Setting BUILD_COMPLETE = TRUE.  This is a little risky, but trusting the user.
For your changes to take effect, run:
./case.build --clean-all
./case.build
Setting resource.RLIMIT_STACK to -1 from (8388608, -1)
  2023-10-20 18:01:42 atm 
Create namelist for component eam
   Calling /global/cfs/cdirs/mp9/e3sm_tags/E3SMv2.1/components/eam//cime_config/buildnml
  2023-10-20 18:01:42 lnd 
Create namelist for component elm
   Calling /global/cfs/cdirs/mp9/e3sm_tags/E3SMv2.1/components/elm/cime_config/buildnml
  2023-10-20 18:01:42 ice 
Create namelist for component mpassi
   Calling /global/cfs/cdirs/mp9/e3sm_tags/E3SMv2.1/components/mpas-seaice/cime_config/buildnml
  2023-10-20 18:01:42 ocn 
Create namelist for component mpaso
   Calling /global/cfs/cdirs/mp9/e3sm_tags/E3SMv2.1/components/mpas-ocean/cime_config/buildnml
  2023-10-20 18:01:42 rof 
Create namelist for component mosart
   Calling /global/cfs/cdirs/mp9/e3sm_tags/E3SMv2.1/components/mosart//cime_config/buildnml
  2023-10-20 18:01:43 glc 
Create namelist for component sglc
   Calling /global/cfs/cdirs/mp9/e3sm_tags/E3SMv2.1/components/stub_comps/sglc/cime_config/buildnml
  2023-10-20 18:01:43 wav 
Create namelist for component swav
   Calling /global/cfs/cdirs/mp9/e3sm_tags/E3SMv2.1/components/stub_comps/swav/cime_config/buildnml
  2023-10-20 18:01:43 iac 
Create namelist for component siac
   Calling /global/cfs/cdirs/mp9/e3sm_tags/E3SMv2.1/components/stub_comps/siac/cime_config/buildnml
  2023-10-20 18:01:43 esp 
Create namelist for component sesp
   Calling /global/cfs/cdirs/mp9/e3sm_tags/E3SMv2.1/components/stub_comps/sesp/cime_config/buildnml
  2023-10-20 18:01:43 cpl 
Create namelist for component drv
   Calling /global/cfs/cdirs/mp9/e3sm_tags/E3SMv2.1/driver-mct/cime_config/buildnml

----- Starting runtime_options -----

Warning: $MODEL_START_TYPE = hybrid
$RUN_REFDIR = /global/cfs/cdirs/mp9/E3SMv2.1-SMYLE/inputdata/e3sm_init/v21.LR.SMYLE_IC.1982-11.01/
$RUN_REFCASE = v21.LR.SMYLE_IC.1982-11.01
$RUN_REFDATE = 1982-11-01


----- Saving run script for provenance -----

'run.v21.LR.BSMYLE.sh' -> '/pscratch/sd/n/nanr/v21.LR.SMYLE/v21.LR.BSMYLE.1982-11.001/case_scripts.011/run_script_provenance/run.v21.LR.BSMYLE.sh.20231020-180147'

----- Starting case_submit -----


env_batch.xml appears to have changed, regenerating batch scripts
manual edits to these file will be lost!

Creating batch scripts
Writing case.run script from input template /global/cfs/cdirs/mp9/e3sm_tags/E3SMv2.1/cime_config/machines/template.case.run
Creating file .case.run
Writing case.st_archive script from input template /global/cfs/cdirs/mp9/e3sm_tags/E3SMv2.1/cime_config/machines/template.st_archive
Creating file case.st_archive
Setting resource.RLIMIT_STACK to -1 from (8388608, -1)
GET_REFCASE is false, the user is expected to stage the refcase to the run directory.
  2023-10-20 18:01:50 atm 
Create namelist for component eam
   Calling /global/cfs/cdirs/mp9/e3sm_tags/E3SMv2.1/components/eam//cime_config/buildnml
  2023-10-20 18:01:50 lnd 
Create namelist for component elm
   Calling /global/cfs/cdirs/mp9/e3sm_tags/E3SMv2.1/components/elm/cime_config/buildnml
  2023-10-20 18:01:50 ice 
Create namelist for component mpassi
   Calling /global/cfs/cdirs/mp9/e3sm_tags/E3SMv2.1/components/mpas-seaice/cime_config/buildnml
  2023-10-20 18:01:52 ocn 
Create namelist for component mpaso
   Calling /global/cfs/cdirs/mp9/e3sm_tags/E3SMv2.1/components/mpas-ocean/cime_config/buildnml
  2023-10-20 18:01:54 rof 
Create namelist for component mosart
   Calling /global/cfs/cdirs/mp9/e3sm_tags/E3SMv2.1/components/mosart//cime_config/buildnml
  2023-10-20 18:01:55 glc 
Create namelist for component sglc
   Calling /global/cfs/cdirs/mp9/e3sm_tags/E3SMv2.1/components/stub_comps/sglc/cime_config/buildnml
  2023-10-20 18:01:55 wav 
Create namelist for component swav
   Calling /global/cfs/cdirs/mp9/e3sm_tags/E3SMv2.1/components/stub_comps/swav/cime_config/buildnml
  2023-10-20 18:01:55 iac 
Create namelist for component siac
   Calling /global/cfs/cdirs/mp9/e3sm_tags/E3SMv2.1/components/stub_comps/siac/cime_config/buildnml
  2023-10-20 18:01:55 esp 
Create namelist for component sesp
   Calling /global/cfs/cdirs/mp9/e3sm_tags/E3SMv2.1/components/stub_comps/sesp/cime_config/buildnml
  2023-10-20 18:01:55 cpl 
Create namelist for component drv
   Calling /global/cfs/cdirs/mp9/e3sm_tags/E3SMv2.1/driver-mct/cime_config/buildnml
Checking that inputdata is available as part of case submission
Setting resource.RLIMIT_STACK to -1 from (-1, -1)
Loading input file list: 'Buildconf/mosart.input_data_list'
Loading input file list: 'Buildconf/mpaso.input_data_list'
Loading input file list: 'Buildconf/cpl.input_data_list'
Loading input file list: 'Buildconf/elm.input_data_list'
Loading input file list: 'Buildconf/eam.input_data_list'
Loading input file list: 'Buildconf/mpassi.input_data_list'
GET_REFCASE is false, the user is expected to stage the refcase to the run directory.
Check case OK
submit_jobs case.run
Submit job case.run
Deprecated "arg" node detected in /pscratch/sd/n/nanr/v21.LR.SMYLE/v21.LR.BSMYLE.1982-11.001/case_scripts.011/env_batch.xml, check files /global/cfs/cdirs/mp9/e3sm_tags/E3SMv2.1/cime_config/machines/config_batch.xml
Submitting job script sbatch --time 12:00:00 -q regular --account mp9 .case.run --resubmit
Submitted job id is 17225413
Submit job case.st_archive
Deprecated "arg" node detected in /pscratch/sd/n/nanr/v21.LR.SMYLE/v21.LR.BSMYLE.1982-11.001/case_scripts.011/env_batch.xml, check files /global/cfs/cdirs/mp9/e3sm_tags/E3SMv2.1/cime_config/machines/config_batch.xml
Submitting job script sbatch --time 00:20:00 -q regular --account mp9 --dependency=afterok:17225413 case.st_archive --resubmit
Submitted job id is 17225415
Submitted job case.run with id 17225413
Submitted job case.st_archive with id 17225415

----- All done -----

12
012

----- Skipping fetch_code -----


----- Starting create_newcase -----

Compset longname is 20TRSOI_EAM%CMIP6_ELM%SPBC_MPASSI_MPASO_MOSART_SGLC_SWAV
Compset specification file is /global/cfs/cdirs/mp9/e3sm_tags/E3SMv2.1/cime_config/allactive/config_compsets.xml
Automatically adding SIAC to compset
Automatically adding SESP to compset
Compset forcing is 
ATM component is cam5 physics:EAM with complete set of E3SM atmospheric mods for V1 (72 layers model) and ACES4BGC SOAG emissions- CMIP6-DECK:
LND component is clm4.5 physics:clm4.5 Satellite phenology:clm4.5 Satellite phenology with black carbon deposition:
ICE component is MPAS seaice:
OCN component is mpas ocean default:
ROF component is MOSART:
GLC component is Stub glacier (land ice) component
WAV component is Stub wave component
IAC component is Stub iac component
ESP component is Stub external system processing (ESP) component
Pes     specification file is /global/cfs/cdirs/mp9/e3sm_tags/E3SMv2.1/cime_config/allactive/config_pesall.xml
Machine is pm-cpu
Pes setting: grid match    is a%ne30.+_oi%.*EC.*to 
Pes setting: machine match is pm-cpu|alvarez 
Pes setting: compset_match is .*EAM.+ELM.+MPASSI.+MPASO.+MOSART.+ 
Pes setting: grid          is a%ne30np4.pg2_l%ne30np4.pg2_oi%EC30to60E2r2_r%r05_g%null_w%null_z%null_m%EC30to60E2r2 
Pes setting: compset       is 20TRSOI_EAM%CMIP6_ELM%SPBC_MPASSI_MPASO_MOSART_SGLC_SWAV_SIAC_SESP 
Pes setting: tasks       is {'NTASKS_ATM': 640, 'NTASKS_LND': 640, 'NTASKS_ROF': 640, 'NTASKS_ICE': 640, 'NTASKS_OCN': 256, 'NTASKS_CPL': 80} 
Pes setting: threads     is {'NTHRDS_ATM': 1, 'NTHRDS_LND': 1, 'NTHRDS_ROF': 1, 'NTHRDS_ICE': 1, 'NTHRDS_OCN': 1, 'NTHRDS_CPL': 1} 
Pes setting: rootpe      is {'ROOTPE_ATM': 0, 'ROOTPE_LND': 0, 'ROOTPE_ROF': 0, 'ROOTPE_ICE': 0, 'ROOTPE_OCN': 640, 'ROOTPE_CPL': 0} 
Pes setting: pstrid      is {'PSTRID_CPL': 8} 
Pes other settings: {'MAX_MPITASKS_PER_NODE': '128'}
Pes comments:  -compset A_WCYCL* -res ne30pg2_oECv3 with MPASO on 7 nodes, 128x1 c8 
setting additional fields from config_pes: {'MAX_MPITASKS_PER_NODE': '128'}
 Compset is: 20TRSOI_EAM%CMIP6_ELM%SPBC_MPASSI_MPASO_MOSART_SGLC_SWAV_SIAC_SESP 
 Grid is: a%ne30np4.pg2_l%ne30np4.pg2_oi%EC30to60E2r2_r%r05_g%null_w%null_z%null_m%EC30to60E2r2 
 Components in compset are: ['eam', 'elm', 'mpassi', 'mpaso', 'mosart', 'sglc', 'swav', 'siac', 'sesp'] 
No charge_account info available, using value from PROJECT
e3sm model version found: 0f362f469f
Batch_system_type is nersc_slurm
job is case.run USER_REQUESTED_WALLTIME 12:00:00 USER_REQUESTED_QUEUE None WALLTIME_FORMAT %H:%M:%S
job is case.st_archive USER_REQUESTED_WALLTIME None USER_REQUESTED_QUEUE None WALLTIME_FORMAT %H:%M:%S
 Creating Case directory /pscratch/sd/n/nanr/v21.LR.SMYLE/v21.LR.BSMYLE.1982-11.001/case_scripts.012

----- Starting case_setup -----

Successfully cleaned env_mach_specific.xml
Setting resource.RLIMIT_STACK to -1 from (8388608, -1)
job is case.run USER_REQUESTED_WALLTIME 12:00:00 USER_REQUESTED_QUEUE None WALLTIME_FORMAT %H:%M:%S
Creating batch scripts
Writing case.run script from input template /global/cfs/cdirs/mp9/e3sm_tags/E3SMv2.1/cime_config/machines/template.case.run
Creating file .case.run
Writing case.st_archive script from input template /global/cfs/cdirs/mp9/e3sm_tags/E3SMv2.1/cime_config/machines/template.st_archive
Creating file case.st_archive
Creating file .case.run.sh
Creating user_nl_xxx files for components and cpl
If an old case build already exists, might want to run 'case.build --clean' before building
Generating component namelists as part of setup
  2023-10-20 18:02:11 atm 
Create namelist for component eam
   Calling /global/cfs/cdirs/mp9/e3sm_tags/E3SMv2.1/components/eam//cime_config/buildnml
  2023-10-20 18:02:11 lnd 
Create namelist for component elm
   Calling /global/cfs/cdirs/mp9/e3sm_tags/E3SMv2.1/components/elm/cime_config/buildnml
  2023-10-20 18:02:12 ice 
Create namelist for component mpassi
   Calling /global/cfs/cdirs/mp9/e3sm_tags/E3SMv2.1/components/mpas-seaice/cime_config/buildnml
  2023-10-20 18:02:12 ocn 
Create namelist for component mpaso
   Calling /global/cfs/cdirs/mp9/e3sm_tags/E3SMv2.1/components/mpas-ocean/cime_config/buildnml
  2023-10-20 18:02:12 rof 
Create namelist for component mosart
   Calling /global/cfs/cdirs/mp9/e3sm_tags/E3SMv2.1/components/mosart//cime_config/buildnml
  2023-10-20 18:02:12 glc 
Create namelist for component sglc
   Calling /global/cfs/cdirs/mp9/e3sm_tags/E3SMv2.1/components/stub_comps/sglc/cime_config/buildnml
  2023-10-20 18:02:12 wav 
Create namelist for component swav
   Calling /global/cfs/cdirs/mp9/e3sm_tags/E3SMv2.1/components/stub_comps/swav/cime_config/buildnml
  2023-10-20 18:02:12 iac 
Create namelist for component siac
   Calling /global/cfs/cdirs/mp9/e3sm_tags/E3SMv2.1/components/stub_comps/siac/cime_config/buildnml
  2023-10-20 18:02:12 esp 
Create namelist for component sesp
   Calling /global/cfs/cdirs/mp9/e3sm_tags/E3SMv2.1/components/stub_comps/sesp/cime_config/buildnml
  2023-10-20 18:02:12 cpl 
Create namelist for component drv
   Calling /global/cfs/cdirs/mp9/e3sm_tags/E3SMv2.1/driver-mct/cime_config/buildnml
You can now run './preview_run' to get more info on how your case will be run
Here is the RUNDIR /pscratch/sd/n/nanr/v21.LR.SMYLE/v21.LR.BSMYLE.1982-11.001/run.012
atm_in
atm_modelio.nml
CASEROOT
cpl_modelio.nml
drv_flds_in
drv_in
esp_modelio.nml
glc_modelio.nml
iac_modelio.nml
ice_modelio.nml
lnd_in
lnd_modelio.nml
mosart_in
mpaso_in
mpassi_in
ocn_modelio.nml
rof_modelio.nml
seq_maps.rc
streams.ocean
streams.seaice
wav_modelio.nml
12

----- case_build -----

Using $OLD_EXECUTABLE = /pscratch/sd/n/nanr/v21.LR.SMYLE/exeroot/build
cp: -r not specified; omitting directory '/pscratch/sd/n/nanr/v21.LR.SMYLE/exeroot/build'
WARNING: Setting BUILD_COMPLETE = TRUE.  This is a little risky, but trusting the user.
For your changes to take effect, run:
./case.build --clean-all
./case.build
Setting resource.RLIMIT_STACK to -1 from (8388608, -1)
  2023-10-20 18:02:15 atm 
Create namelist for component eam
   Calling /global/cfs/cdirs/mp9/e3sm_tags/E3SMv2.1/components/eam//cime_config/buildnml
  2023-10-20 18:02:15 lnd 
Create namelist for component elm
   Calling /global/cfs/cdirs/mp9/e3sm_tags/E3SMv2.1/components/elm/cime_config/buildnml
  2023-10-20 18:02:15 ice 
Create namelist for component mpassi
   Calling /global/cfs/cdirs/mp9/e3sm_tags/E3SMv2.1/components/mpas-seaice/cime_config/buildnml
  2023-10-20 18:02:16 ocn 
Create namelist for component mpaso
   Calling /global/cfs/cdirs/mp9/e3sm_tags/E3SMv2.1/components/mpas-ocean/cime_config/buildnml
  2023-10-20 18:02:16 rof 
Create namelist for component mosart
   Calling /global/cfs/cdirs/mp9/e3sm_tags/E3SMv2.1/components/mosart//cime_config/buildnml
  2023-10-20 18:02:16 glc 
Create namelist for component sglc
   Calling /global/cfs/cdirs/mp9/e3sm_tags/E3SMv2.1/components/stub_comps/sglc/cime_config/buildnml
  2023-10-20 18:02:16 wav 
Create namelist for component swav
   Calling /global/cfs/cdirs/mp9/e3sm_tags/E3SMv2.1/components/stub_comps/swav/cime_config/buildnml
  2023-10-20 18:02:16 iac 
Create namelist for component siac
   Calling /global/cfs/cdirs/mp9/e3sm_tags/E3SMv2.1/components/stub_comps/siac/cime_config/buildnml
  2023-10-20 18:02:16 esp 
Create namelist for component sesp
   Calling /global/cfs/cdirs/mp9/e3sm_tags/E3SMv2.1/components/stub_comps/sesp/cime_config/buildnml
  2023-10-20 18:02:16 cpl 
Create namelist for component drv
   Calling /global/cfs/cdirs/mp9/e3sm_tags/E3SMv2.1/driver-mct/cime_config/buildnml

----- Starting runtime_options -----

Warning: $MODEL_START_TYPE = hybrid
$RUN_REFDIR = /global/cfs/cdirs/mp9/E3SMv2.1-SMYLE/inputdata/e3sm_init/v21.LR.SMYLE_IC.1982-11.01/
$RUN_REFCASE = v21.LR.SMYLE_IC.1982-11.01
$RUN_REFDATE = 1982-11-01


----- Saving run script for provenance -----

'run.v21.LR.BSMYLE.sh' -> '/pscratch/sd/n/nanr/v21.LR.SMYLE/v21.LR.BSMYLE.1982-11.001/case_scripts.012/run_script_provenance/run.v21.LR.BSMYLE.sh.20231020-180221'

----- Starting case_submit -----


env_batch.xml appears to have changed, regenerating batch scripts
manual edits to these file will be lost!

Creating batch scripts
Writing case.run script from input template /global/cfs/cdirs/mp9/e3sm_tags/E3SMv2.1/cime_config/machines/template.case.run
Creating file .case.run
Writing case.st_archive script from input template /global/cfs/cdirs/mp9/e3sm_tags/E3SMv2.1/cime_config/machines/template.st_archive
Creating file case.st_archive
Setting resource.RLIMIT_STACK to -1 from (8388608, -1)
GET_REFCASE is false, the user is expected to stage the refcase to the run directory.
  2023-10-20 18:02:25 atm 
Create namelist for component eam
   Calling /global/cfs/cdirs/mp9/e3sm_tags/E3SMv2.1/components/eam//cime_config/buildnml
  2023-10-20 18:02:25 lnd 
Create namelist for component elm
   Calling /global/cfs/cdirs/mp9/e3sm_tags/E3SMv2.1/components/elm/cime_config/buildnml
  2023-10-20 18:02:26 ice 
Create namelist for component mpassi
   Calling /global/cfs/cdirs/mp9/e3sm_tags/E3SMv2.1/components/mpas-seaice/cime_config/buildnml
  2023-10-20 18:02:27 ocn 
Create namelist for component mpaso
   Calling /global/cfs/cdirs/mp9/e3sm_tags/E3SMv2.1/components/mpas-ocean/cime_config/buildnml
  2023-10-20 18:02:29 rof 
Create namelist for component mosart
   Calling /global/cfs/cdirs/mp9/e3sm_tags/E3SMv2.1/components/mosart//cime_config/buildnml
  2023-10-20 18:02:29 glc 
Create namelist for component sglc
   Calling /global/cfs/cdirs/mp9/e3sm_tags/E3SMv2.1/components/stub_comps/sglc/cime_config/buildnml
  2023-10-20 18:02:29 wav 
Create namelist for component swav
   Calling /global/cfs/cdirs/mp9/e3sm_tags/E3SMv2.1/components/stub_comps/swav/cime_config/buildnml
  2023-10-20 18:02:29 iac 
Create namelist for component siac
   Calling /global/cfs/cdirs/mp9/e3sm_tags/E3SMv2.1/components/stub_comps/siac/cime_config/buildnml
  2023-10-20 18:02:29 esp 
Create namelist for component sesp
   Calling /global/cfs/cdirs/mp9/e3sm_tags/E3SMv2.1/components/stub_comps/sesp/cime_config/buildnml
  2023-10-20 18:02:29 cpl 
Create namelist for component drv
   Calling /global/cfs/cdirs/mp9/e3sm_tags/E3SMv2.1/driver-mct/cime_config/buildnml
Checking that inputdata is available as part of case submission
Setting resource.RLIMIT_STACK to -1 from (-1, -1)
Loading input file list: 'Buildconf/mosart.input_data_list'
Loading input file list: 'Buildconf/mpaso.input_data_list'
Loading input file list: 'Buildconf/cpl.input_data_list'
Loading input file list: 'Buildconf/elm.input_data_list'
Loading input file list: 'Buildconf/eam.input_data_list'
Loading input file list: 'Buildconf/mpassi.input_data_list'
GET_REFCASE is false, the user is expected to stage the refcase to the run directory.
Check case OK
submit_jobs case.run
Submit job case.run
Deprecated "arg" node detected in /pscratch/sd/n/nanr/v21.LR.SMYLE/v21.LR.BSMYLE.1982-11.001/case_scripts.012/env_batch.xml, check files /global/cfs/cdirs/mp9/e3sm_tags/E3SMv2.1/cime_config/machines/config_batch.xml
Submitting job script sbatch --time 12:00:00 -q regular --account mp9 .case.run --resubmit
Submitted job id is 17225426
Submit job case.st_archive
Deprecated "arg" node detected in /pscratch/sd/n/nanr/v21.LR.SMYLE/v21.LR.BSMYLE.1982-11.001/case_scripts.012/env_batch.xml, check files /global/cfs/cdirs/mp9/e3sm_tags/E3SMv2.1/cime_config/machines/config_batch.xml
Submitting job script sbatch --time 00:20:00 -q regular --account mp9 --dependency=afterok:17225426 case.st_archive --resubmit
Submitted job id is 17225430
Submitted job case.run with id 17225426
Submitted job case.st_archive with id 17225430

----- All done -----

13
013

----- Skipping fetch_code -----


----- Starting create_newcase -----

Compset longname is 20TRSOI_EAM%CMIP6_ELM%SPBC_MPASSI_MPASO_MOSART_SGLC_SWAV
Compset specification file is /global/cfs/cdirs/mp9/e3sm_tags/E3SMv2.1/cime_config/allactive/config_compsets.xml
Automatically adding SIAC to compset
Automatically adding SESP to compset
Compset forcing is 
ATM component is cam5 physics:EAM with complete set of E3SM atmospheric mods for V1 (72 layers model) and ACES4BGC SOAG emissions- CMIP6-DECK:
LND component is clm4.5 physics:clm4.5 Satellite phenology:clm4.5 Satellite phenology with black carbon deposition:
ICE component is MPAS seaice:
OCN component is mpas ocean default:
ROF component is MOSART:
GLC component is Stub glacier (land ice) component
WAV component is Stub wave component
IAC component is Stub iac component
ESP component is Stub external system processing (ESP) component
Pes     specification file is /global/cfs/cdirs/mp9/e3sm_tags/E3SMv2.1/cime_config/allactive/config_pesall.xml
Machine is pm-cpu
Pes setting: grid match    is a%ne30.+_oi%.*EC.*to 
Pes setting: machine match is pm-cpu|alvarez 
Pes setting: compset_match is .*EAM.+ELM.+MPASSI.+MPASO.+MOSART.+ 
Pes setting: grid          is a%ne30np4.pg2_l%ne30np4.pg2_oi%EC30to60E2r2_r%r05_g%null_w%null_z%null_m%EC30to60E2r2 
Pes setting: compset       is 20TRSOI_EAM%CMIP6_ELM%SPBC_MPASSI_MPASO_MOSART_SGLC_SWAV_SIAC_SESP 
Pes setting: tasks       is {'NTASKS_ATM': 640, 'NTASKS_LND': 640, 'NTASKS_ROF': 640, 'NTASKS_ICE': 640, 'NTASKS_OCN': 256, 'NTASKS_CPL': 80} 
Pes setting: threads     is {'NTHRDS_ATM': 1, 'NTHRDS_LND': 1, 'NTHRDS_ROF': 1, 'NTHRDS_ICE': 1, 'NTHRDS_OCN': 1, 'NTHRDS_CPL': 1} 
Pes setting: rootpe      is {'ROOTPE_ATM': 0, 'ROOTPE_LND': 0, 'ROOTPE_ROF': 0, 'ROOTPE_ICE': 0, 'ROOTPE_OCN': 640, 'ROOTPE_CPL': 0} 
Pes setting: pstrid      is {'PSTRID_CPL': 8} 
Pes other settings: {'MAX_MPITASKS_PER_NODE': '128'}
Pes comments:  -compset A_WCYCL* -res ne30pg2_oECv3 with MPASO on 7 nodes, 128x1 c8 
setting additional fields from config_pes: {'MAX_MPITASKS_PER_NODE': '128'}
 Compset is: 20TRSOI_EAM%CMIP6_ELM%SPBC_MPASSI_MPASO_MOSART_SGLC_SWAV_SIAC_SESP 
 Grid is: a%ne30np4.pg2_l%ne30np4.pg2_oi%EC30to60E2r2_r%r05_g%null_w%null_z%null_m%EC30to60E2r2 
 Components in compset are: ['eam', 'elm', 'mpassi', 'mpaso', 'mosart', 'sglc', 'swav', 'siac', 'sesp'] 
No charge_account info available, using value from PROJECT
e3sm model version found: 0f362f469f
Batch_system_type is nersc_slurm
job is case.run USER_REQUESTED_WALLTIME 12:00:00 USER_REQUESTED_QUEUE None WALLTIME_FORMAT %H:%M:%S
job is case.st_archive USER_REQUESTED_WALLTIME None USER_REQUESTED_QUEUE None WALLTIME_FORMAT %H:%M:%S
 Creating Case directory /pscratch/sd/n/nanr/v21.LR.SMYLE/v21.LR.BSMYLE.1982-11.001/case_scripts.013

----- Starting case_setup -----

Successfully cleaned env_mach_specific.xml
Setting resource.RLIMIT_STACK to -1 from (8388608, -1)
job is case.run USER_REQUESTED_WALLTIME 12:00:00 USER_REQUESTED_QUEUE None WALLTIME_FORMAT %H:%M:%S
Creating batch scripts
Writing case.run script from input template /global/cfs/cdirs/mp9/e3sm_tags/E3SMv2.1/cime_config/machines/template.case.run
Creating file .case.run
Writing case.st_archive script from input template /global/cfs/cdirs/mp9/e3sm_tags/E3SMv2.1/cime_config/machines/template.st_archive
Creating file case.st_archive
Creating file .case.run.sh
Creating user_nl_xxx files for components and cpl
If an old case build already exists, might want to run 'case.build --clean' before building
Generating component namelists as part of setup
  2023-10-20 18:02:51 atm 
Create namelist for component eam
   Calling /global/cfs/cdirs/mp9/e3sm_tags/E3SMv2.1/components/eam//cime_config/buildnml
  2023-10-20 18:02:51 lnd 
Create namelist for component elm
   Calling /global/cfs/cdirs/mp9/e3sm_tags/E3SMv2.1/components/elm/cime_config/buildnml
  2023-10-20 18:02:51 ice 
Create namelist for component mpassi
   Calling /global/cfs/cdirs/mp9/e3sm_tags/E3SMv2.1/components/mpas-seaice/cime_config/buildnml
  2023-10-20 18:02:51 ocn 
Create namelist for component mpaso
   Calling /global/cfs/cdirs/mp9/e3sm_tags/E3SMv2.1/components/mpas-ocean/cime_config/buildnml
  2023-10-20 18:02:52 rof 
Create namelist for component mosart
   Calling /global/cfs/cdirs/mp9/e3sm_tags/E3SMv2.1/components/mosart//cime_config/buildnml
  2023-10-20 18:02:52 glc 
Create namelist for component sglc
   Calling /global/cfs/cdirs/mp9/e3sm_tags/E3SMv2.1/components/stub_comps/sglc/cime_config/buildnml
  2023-10-20 18:02:52 wav 
Create namelist for component swav
   Calling /global/cfs/cdirs/mp9/e3sm_tags/E3SMv2.1/components/stub_comps/swav/cime_config/buildnml
  2023-10-20 18:02:52 iac 
Create namelist for component siac
   Calling /global/cfs/cdirs/mp9/e3sm_tags/E3SMv2.1/components/stub_comps/siac/cime_config/buildnml
  2023-10-20 18:02:52 esp 
Create namelist for component sesp
   Calling /global/cfs/cdirs/mp9/e3sm_tags/E3SMv2.1/components/stub_comps/sesp/cime_config/buildnml
  2023-10-20 18:02:52 cpl 
Create namelist for component drv
   Calling /global/cfs/cdirs/mp9/e3sm_tags/E3SMv2.1/driver-mct/cime_config/buildnml
You can now run './preview_run' to get more info on how your case will be run
Here is the RUNDIR /pscratch/sd/n/nanr/v21.LR.SMYLE/v21.LR.BSMYLE.1982-11.001/run.013
atm_in
atm_modelio.nml
CASEROOT
cpl_modelio.nml
drv_flds_in
drv_in
esp_modelio.nml
glc_modelio.nml
iac_modelio.nml
ice_modelio.nml
lnd_in
lnd_modelio.nml
mosart_in
mpaso_in
mpassi_in
ocn_modelio.nml
rof_modelio.nml
seq_maps.rc
streams.ocean
streams.seaice
wav_modelio.nml
13

----- case_build -----

Using $OLD_EXECUTABLE = /pscratch/sd/n/nanr/v21.LR.SMYLE/exeroot/build
cp: -r not specified; omitting directory '/pscratch/sd/n/nanr/v21.LR.SMYLE/exeroot/build'
WARNING: Setting BUILD_COMPLETE = TRUE.  This is a little risky, but trusting the user.
For your changes to take effect, run:
./case.build --clean-all
./case.build
Setting resource.RLIMIT_STACK to -1 from (8388608, -1)
  2023-10-20 18:02:54 atm 
Create namelist for component eam
   Calling /global/cfs/cdirs/mp9/e3sm_tags/E3SMv2.1/components/eam//cime_config/buildnml
  2023-10-20 18:02:54 lnd 
Create namelist for component elm
   Calling /global/cfs/cdirs/mp9/e3sm_tags/E3SMv2.1/components/elm/cime_config/buildnml
  2023-10-20 18:02:54 ice 
Create namelist for component mpassi
   Calling /global/cfs/cdirs/mp9/e3sm_tags/E3SMv2.1/components/mpas-seaice/cime_config/buildnml
  2023-10-20 18:02:55 ocn 
Create namelist for component mpaso
   Calling /global/cfs/cdirs/mp9/e3sm_tags/E3SMv2.1/components/mpas-ocean/cime_config/buildnml
  2023-10-20 18:02:55 rof 
Create namelist for component mosart
   Calling /global/cfs/cdirs/mp9/e3sm_tags/E3SMv2.1/components/mosart//cime_config/buildnml
  2023-10-20 18:02:55 glc 
Create namelist for component sglc
   Calling /global/cfs/cdirs/mp9/e3sm_tags/E3SMv2.1/components/stub_comps/sglc/cime_config/buildnml
  2023-10-20 18:02:55 wav 
Create namelist for component swav
   Calling /global/cfs/cdirs/mp9/e3sm_tags/E3SMv2.1/components/stub_comps/swav/cime_config/buildnml
  2023-10-20 18:02:55 iac 
Create namelist for component siac
   Calling /global/cfs/cdirs/mp9/e3sm_tags/E3SMv2.1/components/stub_comps/siac/cime_config/buildnml
  2023-10-20 18:02:55 esp 
Create namelist for component sesp
   Calling /global/cfs/cdirs/mp9/e3sm_tags/E3SMv2.1/components/stub_comps/sesp/cime_config/buildnml
  2023-10-20 18:02:55 cpl 
Create namelist for component drv
   Calling /global/cfs/cdirs/mp9/e3sm_tags/E3SMv2.1/driver-mct/cime_config/buildnml

----- Starting runtime_options -----

Warning: $MODEL_START_TYPE = hybrid
$RUN_REFDIR = /global/cfs/cdirs/mp9/E3SMv2.1-SMYLE/inputdata/e3sm_init/v21.LR.SMYLE_IC.1982-11.01/
$RUN_REFCASE = v21.LR.SMYLE_IC.1982-11.01
$RUN_REFDATE = 1982-11-01


----- Saving run script for provenance -----

'run.v21.LR.BSMYLE.sh' -> '/pscratch/sd/n/nanr/v21.LR.SMYLE/v21.LR.BSMYLE.1982-11.001/case_scripts.013/run_script_provenance/run.v21.LR.BSMYLE.sh.20231020-180259'

----- Starting case_submit -----


env_batch.xml appears to have changed, regenerating batch scripts
manual edits to these file will be lost!

Creating batch scripts
Writing case.run script from input template /global/cfs/cdirs/mp9/e3sm_tags/E3SMv2.1/cime_config/machines/template.case.run
Creating file .case.run
Writing case.st_archive script from input template /global/cfs/cdirs/mp9/e3sm_tags/E3SMv2.1/cime_config/machines/template.st_archive
Creating file case.st_archive
Setting resource.RLIMIT_STACK to -1 from (8388608, -1)
GET_REFCASE is false, the user is expected to stage the refcase to the run directory.
  2023-10-20 18:03:02 atm 
Create namelist for component eam
   Calling /global/cfs/cdirs/mp9/e3sm_tags/E3SMv2.1/components/eam//cime_config/buildnml
  2023-10-20 18:03:02 lnd 
Create namelist for component elm
   Calling /global/cfs/cdirs/mp9/e3sm_tags/E3SMv2.1/components/elm/cime_config/buildnml
  2023-10-20 18:03:03 ice 
Create namelist for component mpassi
   Calling /global/cfs/cdirs/mp9/e3sm_tags/E3SMv2.1/components/mpas-seaice/cime_config/buildnml
  2023-10-20 18:03:04 ocn 
Create namelist for component mpaso
   Calling /global/cfs/cdirs/mp9/e3sm_tags/E3SMv2.1/components/mpas-ocean/cime_config/buildnml
  2023-10-20 18:03:06 rof 
Create namelist for component mosart
   Calling /global/cfs/cdirs/mp9/e3sm_tags/E3SMv2.1/components/mosart//cime_config/buildnml
  2023-10-20 18:03:06 glc 
Create namelist for component sglc
   Calling /global/cfs/cdirs/mp9/e3sm_tags/E3SMv2.1/components/stub_comps/sglc/cime_config/buildnml
  2023-10-20 18:03:06 wav 
Create namelist for component swav
   Calling /global/cfs/cdirs/mp9/e3sm_tags/E3SMv2.1/components/stub_comps/swav/cime_config/buildnml
  2023-10-20 18:03:06 iac 
Create namelist for component siac
   Calling /global/cfs/cdirs/mp9/e3sm_tags/E3SMv2.1/components/stub_comps/siac/cime_config/buildnml
  2023-10-20 18:03:06 esp 
Create namelist for component sesp
   Calling /global/cfs/cdirs/mp9/e3sm_tags/E3SMv2.1/components/stub_comps/sesp/cime_config/buildnml
  2023-10-20 18:03:06 cpl 
Create namelist for component drv
   Calling /global/cfs/cdirs/mp9/e3sm_tags/E3SMv2.1/driver-mct/cime_config/buildnml
Checking that inputdata is available as part of case submission
Setting resource.RLIMIT_STACK to -1 from (-1, -1)
Loading input file list: 'Buildconf/mosart.input_data_list'
Loading input file list: 'Buildconf/mpaso.input_data_list'
Loading input file list: 'Buildconf/cpl.input_data_list'
Loading input file list: 'Buildconf/elm.input_data_list'
Loading input file list: 'Buildconf/eam.input_data_list'
Loading input file list: 'Buildconf/mpassi.input_data_list'
GET_REFCASE is false, the user is expected to stage the refcase to the run directory.
Check case OK
submit_jobs case.run
Submit job case.run
Deprecated "arg" node detected in /pscratch/sd/n/nanr/v21.LR.SMYLE/v21.LR.BSMYLE.1982-11.001/case_scripts.013/env_batch.xml, check files /global/cfs/cdirs/mp9/e3sm_tags/E3SMv2.1/cime_config/machines/config_batch.xml
Submitting job script sbatch --time 12:00:00 -q regular --account mp9 .case.run --resubmit
Submitted job id is 17225446
Submit job case.st_archive
Deprecated "arg" node detected in /pscratch/sd/n/nanr/v21.LR.SMYLE/v21.LR.BSMYLE.1982-11.001/case_scripts.013/env_batch.xml, check files /global/cfs/cdirs/mp9/e3sm_tags/E3SMv2.1/cime_config/machines/config_batch.xml
Submitting job script sbatch --time 00:20:00 -q regular --account mp9 --dependency=afterok:17225446 case.st_archive --resubmit
Submitted job id is 17225447
Submitted job case.run with id 17225446
Submitted job case.st_archive with id 17225447

----- All done -----

14
014

----- Skipping fetch_code -----


----- Starting create_newcase -----

Compset longname is 20TRSOI_EAM%CMIP6_ELM%SPBC_MPASSI_MPASO_MOSART_SGLC_SWAV
Compset specification file is /global/cfs/cdirs/mp9/e3sm_tags/E3SMv2.1/cime_config/allactive/config_compsets.xml
Automatically adding SIAC to compset
Automatically adding SESP to compset
Compset forcing is 
ATM component is cam5 physics:EAM with complete set of E3SM atmospheric mods for V1 (72 layers model) and ACES4BGC SOAG emissions- CMIP6-DECK:
LND component is clm4.5 physics:clm4.5 Satellite phenology:clm4.5 Satellite phenology with black carbon deposition:
ICE component is MPAS seaice:
OCN component is mpas ocean default:
ROF component is MOSART:
GLC component is Stub glacier (land ice) component
WAV component is Stub wave component
IAC component is Stub iac component
ESP component is Stub external system processing (ESP) component
Pes     specification file is /global/cfs/cdirs/mp9/e3sm_tags/E3SMv2.1/cime_config/allactive/config_pesall.xml
Machine is pm-cpu
Pes setting: grid match    is a%ne30.+_oi%.*EC.*to 
Pes setting: machine match is pm-cpu|alvarez 
Pes setting: compset_match is .*EAM.+ELM.+MPASSI.+MPASO.+MOSART.+ 
Pes setting: grid          is a%ne30np4.pg2_l%ne30np4.pg2_oi%EC30to60E2r2_r%r05_g%null_w%null_z%null_m%EC30to60E2r2 
Pes setting: compset       is 20TRSOI_EAM%CMIP6_ELM%SPBC_MPASSI_MPASO_MOSART_SGLC_SWAV_SIAC_SESP 
Pes setting: tasks       is {'NTASKS_ATM': 640, 'NTASKS_LND': 640, 'NTASKS_ROF': 640, 'NTASKS_ICE': 640, 'NTASKS_OCN': 256, 'NTASKS_CPL': 80} 
Pes setting: threads     is {'NTHRDS_ATM': 1, 'NTHRDS_LND': 1, 'NTHRDS_ROF': 1, 'NTHRDS_ICE': 1, 'NTHRDS_OCN': 1, 'NTHRDS_CPL': 1} 
Pes setting: rootpe      is {'ROOTPE_ATM': 0, 'ROOTPE_LND': 0, 'ROOTPE_ROF': 0, 'ROOTPE_ICE': 0, 'ROOTPE_OCN': 640, 'ROOTPE_CPL': 0} 
Pes setting: pstrid      is {'PSTRID_CPL': 8} 
Pes other settings: {'MAX_MPITASKS_PER_NODE': '128'}
Pes comments:  -compset A_WCYCL* -res ne30pg2_oECv3 with MPASO on 7 nodes, 128x1 c8 
setting additional fields from config_pes: {'MAX_MPITASKS_PER_NODE': '128'}
 Compset is: 20TRSOI_EAM%CMIP6_ELM%SPBC_MPASSI_MPASO_MOSART_SGLC_SWAV_SIAC_SESP 
 Grid is: a%ne30np4.pg2_l%ne30np4.pg2_oi%EC30to60E2r2_r%r05_g%null_w%null_z%null_m%EC30to60E2r2 
 Components in compset are: ['eam', 'elm', 'mpassi', 'mpaso', 'mosart', 'sglc', 'swav', 'siac', 'sesp'] 
No charge_account info available, using value from PROJECT
e3sm model version found: 0f362f469f
Batch_system_type is nersc_slurm
job is case.run USER_REQUESTED_WALLTIME 12:00:00 USER_REQUESTED_QUEUE None WALLTIME_FORMAT %H:%M:%S
job is case.st_archive USER_REQUESTED_WALLTIME None USER_REQUESTED_QUEUE None WALLTIME_FORMAT %H:%M:%S
 Creating Case directory /pscratch/sd/n/nanr/v21.LR.SMYLE/v21.LR.BSMYLE.1982-11.001/case_scripts.014

----- Starting case_setup -----

Successfully cleaned env_mach_specific.xml
Setting resource.RLIMIT_STACK to -1 from (8388608, -1)
job is case.run USER_REQUESTED_WALLTIME 12:00:00 USER_REQUESTED_QUEUE None WALLTIME_FORMAT %H:%M:%S
Creating batch scripts
Writing case.run script from input template /global/cfs/cdirs/mp9/e3sm_tags/E3SMv2.1/cime_config/machines/template.case.run
Creating file .case.run
Writing case.st_archive script from input template /global/cfs/cdirs/mp9/e3sm_tags/E3SMv2.1/cime_config/machines/template.st_archive
Creating file case.st_archive
Creating file .case.run.sh
Creating user_nl_xxx files for components and cpl
If an old case build already exists, might want to run 'case.build --clean' before building
Generating component namelists as part of setup
  2023-10-20 18:03:18 atm 
Create namelist for component eam
   Calling /global/cfs/cdirs/mp9/e3sm_tags/E3SMv2.1/components/eam//cime_config/buildnml
  2023-10-20 18:03:18 lnd 
Create namelist for component elm
   Calling /global/cfs/cdirs/mp9/e3sm_tags/E3SMv2.1/components/elm/cime_config/buildnml
  2023-10-20 18:03:19 ice 
Create namelist for component mpassi
   Calling /global/cfs/cdirs/mp9/e3sm_tags/E3SMv2.1/components/mpas-seaice/cime_config/buildnml
  2023-10-20 18:03:19 ocn 
Create namelist for component mpaso
   Calling /global/cfs/cdirs/mp9/e3sm_tags/E3SMv2.1/components/mpas-ocean/cime_config/buildnml
  2023-10-20 18:03:19 rof 
Create namelist for component mosart
   Calling /global/cfs/cdirs/mp9/e3sm_tags/E3SMv2.1/components/mosart//cime_config/buildnml
  2023-10-20 18:03:19 glc 
Create namelist for component sglc
   Calling /global/cfs/cdirs/mp9/e3sm_tags/E3SMv2.1/components/stub_comps/sglc/cime_config/buildnml
  2023-10-20 18:03:19 wav 
Create namelist for component swav
   Calling /global/cfs/cdirs/mp9/e3sm_tags/E3SMv2.1/components/stub_comps/swav/cime_config/buildnml
  2023-10-20 18:03:19 iac 
Create namelist for component siac
   Calling /global/cfs/cdirs/mp9/e3sm_tags/E3SMv2.1/components/stub_comps/siac/cime_config/buildnml
  2023-10-20 18:03:19 esp 
Create namelist for component sesp
   Calling /global/cfs/cdirs/mp9/e3sm_tags/E3SMv2.1/components/stub_comps/sesp/cime_config/buildnml
  2023-10-20 18:03:19 cpl 
Create namelist for component drv
   Calling /global/cfs/cdirs/mp9/e3sm_tags/E3SMv2.1/driver-mct/cime_config/buildnml
You can now run './preview_run' to get more info on how your case will be run
Here is the RUNDIR /pscratch/sd/n/nanr/v21.LR.SMYLE/v21.LR.BSMYLE.1982-11.001/run.014
atm_in
atm_modelio.nml
CASEROOT
cpl_modelio.nml
drv_flds_in
drv_in
esp_modelio.nml
glc_modelio.nml
iac_modelio.nml
ice_modelio.nml
lnd_in
lnd_modelio.nml
mosart_in
mpaso_in
mpassi_in
ocn_modelio.nml
rof_modelio.nml
seq_maps.rc
streams.ocean
streams.seaice
wav_modelio.nml
14

----- case_build -----

Using $OLD_EXECUTABLE = /pscratch/sd/n/nanr/v21.LR.SMYLE/exeroot/build
cp: -r not specified; omitting directory '/pscratch/sd/n/nanr/v21.LR.SMYLE/exeroot/build'
WARNING: Setting BUILD_COMPLETE = TRUE.  This is a little risky, but trusting the user.
For your changes to take effect, run:
./case.build --clean-all
./case.build
Setting resource.RLIMIT_STACK to -1 from (8388608, -1)
  2023-10-20 18:03:21 atm 
Create namelist for component eam
   Calling /global/cfs/cdirs/mp9/e3sm_tags/E3SMv2.1/components/eam//cime_config/buildnml
  2023-10-20 18:03:22 lnd 
Create namelist for component elm
   Calling /global/cfs/cdirs/mp9/e3sm_tags/E3SMv2.1/components/elm/cime_config/buildnml
  2023-10-20 18:03:22 ice 
Create namelist for component mpassi
   Calling /global/cfs/cdirs/mp9/e3sm_tags/E3SMv2.1/components/mpas-seaice/cime_config/buildnml
  2023-10-20 18:03:22 ocn 
Create namelist for component mpaso
   Calling /global/cfs/cdirs/mp9/e3sm_tags/E3SMv2.1/components/mpas-ocean/cime_config/buildnml
  2023-10-20 18:03:22 rof 
Create namelist for component mosart
   Calling /global/cfs/cdirs/mp9/e3sm_tags/E3SMv2.1/components/mosart//cime_config/buildnml
  2023-10-20 18:03:22 glc 
Create namelist for component sglc
   Calling /global/cfs/cdirs/mp9/e3sm_tags/E3SMv2.1/components/stub_comps/sglc/cime_config/buildnml
  2023-10-20 18:03:22 wav 
Create namelist for component swav
   Calling /global/cfs/cdirs/mp9/e3sm_tags/E3SMv2.1/components/stub_comps/swav/cime_config/buildnml
  2023-10-20 18:03:22 iac 
Create namelist for component siac
   Calling /global/cfs/cdirs/mp9/e3sm_tags/E3SMv2.1/components/stub_comps/siac/cime_config/buildnml
  2023-10-20 18:03:22 esp 
Create namelist for component sesp
   Calling /global/cfs/cdirs/mp9/e3sm_tags/E3SMv2.1/components/stub_comps/sesp/cime_config/buildnml
  2023-10-20 18:03:22 cpl 
Create namelist for component drv
   Calling /global/cfs/cdirs/mp9/e3sm_tags/E3SMv2.1/driver-mct/cime_config/buildnml

----- Starting runtime_options -----

Warning: $MODEL_START_TYPE = hybrid
$RUN_REFDIR = /global/cfs/cdirs/mp9/E3SMv2.1-SMYLE/inputdata/e3sm_init/v21.LR.SMYLE_IC.1982-11.01/
$RUN_REFCASE = v21.LR.SMYLE_IC.1982-11.01
$RUN_REFDATE = 1982-11-01


----- Saving run script for provenance -----

'run.v21.LR.BSMYLE.sh' -> '/pscratch/sd/n/nanr/v21.LR.SMYLE/v21.LR.BSMYLE.1982-11.001/case_scripts.014/run_script_provenance/run.v21.LR.BSMYLE.sh.20231020-180326'

----- Starting case_submit -----


env_batch.xml appears to have changed, regenerating batch scripts
manual edits to these file will be lost!

Creating batch scripts
Writing case.run script from input template /global/cfs/cdirs/mp9/e3sm_tags/E3SMv2.1/cime_config/machines/template.case.run
Creating file .case.run
Writing case.st_archive script from input template /global/cfs/cdirs/mp9/e3sm_tags/E3SMv2.1/cime_config/machines/template.st_archive
Creating file case.st_archive
Setting resource.RLIMIT_STACK to -1 from (8388608, -1)
GET_REFCASE is false, the user is expected to stage the refcase to the run directory.
  2023-10-20 18:03:30 atm 
Create namelist for component eam
   Calling /global/cfs/cdirs/mp9/e3sm_tags/E3SMv2.1/components/eam//cime_config/buildnml
  2023-10-20 18:03:30 lnd 
Create namelist for component elm
   Calling /global/cfs/cdirs/mp9/e3sm_tags/E3SMv2.1/components/elm/cime_config/buildnml
  2023-10-20 18:03:30 ice 
Create namelist for component mpassi
   Calling /global/cfs/cdirs/mp9/e3sm_tags/E3SMv2.1/components/mpas-seaice/cime_config/buildnml
  2023-10-20 18:03:32 ocn 
Create namelist for component mpaso
   Calling /global/cfs/cdirs/mp9/e3sm_tags/E3SMv2.1/components/mpas-ocean/cime_config/buildnml
  2023-10-20 18:03:34 rof 
Create namelist for component mosart
   Calling /global/cfs/cdirs/mp9/e3sm_tags/E3SMv2.1/components/mosart//cime_config/buildnml
  2023-10-20 18:03:34 glc 
Create namelist for component sglc
   Calling /global/cfs/cdirs/mp9/e3sm_tags/E3SMv2.1/components/stub_comps/sglc/cime_config/buildnml
  2023-10-20 18:03:34 wav 
Create namelist for component swav
   Calling /global/cfs/cdirs/mp9/e3sm_tags/E3SMv2.1/components/stub_comps/swav/cime_config/buildnml
  2023-10-20 18:03:34 iac 
Create namelist for component siac
   Calling /global/cfs/cdirs/mp9/e3sm_tags/E3SMv2.1/components/stub_comps/siac/cime_config/buildnml
  2023-10-20 18:03:34 esp 
Create namelist for component sesp
   Calling /global/cfs/cdirs/mp9/e3sm_tags/E3SMv2.1/components/stub_comps/sesp/cime_config/buildnml
  2023-10-20 18:03:34 cpl 
Create namelist for component drv
   Calling /global/cfs/cdirs/mp9/e3sm_tags/E3SMv2.1/driver-mct/cime_config/buildnml
Checking that inputdata is available as part of case submission
Setting resource.RLIMIT_STACK to -1 from (-1, -1)
Loading input file list: 'Buildconf/mosart.input_data_list'
Loading input file list: 'Buildconf/mpaso.input_data_list'
Loading input file list: 'Buildconf/cpl.input_data_list'
Loading input file list: 'Buildconf/elm.input_data_list'
Loading input file list: 'Buildconf/eam.input_data_list'
Loading input file list: 'Buildconf/mpassi.input_data_list'
GET_REFCASE is false, the user is expected to stage the refcase to the run directory.
Check case OK
submit_jobs case.run
Submit job case.run
Deprecated "arg" node detected in /pscratch/sd/n/nanr/v21.LR.SMYLE/v21.LR.BSMYLE.1982-11.001/case_scripts.014/env_batch.xml, check files /global/cfs/cdirs/mp9/e3sm_tags/E3SMv2.1/cime_config/machines/config_batch.xml
Submitting job script sbatch --time 12:00:00 -q regular --account mp9 .case.run --resubmit
Submitted job id is 17225448
Submit job case.st_archive
Deprecated "arg" node detected in /pscratch/sd/n/nanr/v21.LR.SMYLE/v21.LR.BSMYLE.1982-11.001/case_scripts.014/env_batch.xml, check files /global/cfs/cdirs/mp9/e3sm_tags/E3SMv2.1/cime_config/machines/config_batch.xml
Submitting job script sbatch --time 00:20:00 -q regular --account mp9 --dependency=afterok:17225448 case.st_archive --resubmit
Submitted job id is 17225449
Submitted job case.run with id 17225448
Submitted job case.st_archive with id 17225449

----- All done -----

15
015

----- Skipping fetch_code -----


----- Starting create_newcase -----

Compset longname is 20TRSOI_EAM%CMIP6_ELM%SPBC_MPASSI_MPASO_MOSART_SGLC_SWAV
Compset specification file is /global/cfs/cdirs/mp9/e3sm_tags/E3SMv2.1/cime_config/allactive/config_compsets.xml
Automatically adding SIAC to compset
Automatically adding SESP to compset
Compset forcing is 
ATM component is cam5 physics:EAM with complete set of E3SM atmospheric mods for V1 (72 layers model) and ACES4BGC SOAG emissions- CMIP6-DECK:
LND component is clm4.5 physics:clm4.5 Satellite phenology:clm4.5 Satellite phenology with black carbon deposition:
ICE component is MPAS seaice:
OCN component is mpas ocean default:
ROF component is MOSART:
GLC component is Stub glacier (land ice) component
WAV component is Stub wave component
IAC component is Stub iac component
ESP component is Stub external system processing (ESP) component
Pes     specification file is /global/cfs/cdirs/mp9/e3sm_tags/E3SMv2.1/cime_config/allactive/config_pesall.xml
Machine is pm-cpu
Pes setting: grid match    is a%ne30.+_oi%.*EC.*to 
Pes setting: machine match is pm-cpu|alvarez 
Pes setting: compset_match is .*EAM.+ELM.+MPASSI.+MPASO.+MOSART.+ 
Pes setting: grid          is a%ne30np4.pg2_l%ne30np4.pg2_oi%EC30to60E2r2_r%r05_g%null_w%null_z%null_m%EC30to60E2r2 
Pes setting: compset       is 20TRSOI_EAM%CMIP6_ELM%SPBC_MPASSI_MPASO_MOSART_SGLC_SWAV_SIAC_SESP 
Pes setting: tasks       is {'NTASKS_ATM': 640, 'NTASKS_LND': 640, 'NTASKS_ROF': 640, 'NTASKS_ICE': 640, 'NTASKS_OCN': 256, 'NTASKS_CPL': 80} 
Pes setting: threads     is {'NTHRDS_ATM': 1, 'NTHRDS_LND': 1, 'NTHRDS_ROF': 1, 'NTHRDS_ICE': 1, 'NTHRDS_OCN': 1, 'NTHRDS_CPL': 1} 
Pes setting: rootpe      is {'ROOTPE_ATM': 0, 'ROOTPE_LND': 0, 'ROOTPE_ROF': 0, 'ROOTPE_ICE': 0, 'ROOTPE_OCN': 640, 'ROOTPE_CPL': 0} 
Pes setting: pstrid      is {'PSTRID_CPL': 8} 
Pes other settings: {'MAX_MPITASKS_PER_NODE': '128'}
Pes comments:  -compset A_WCYCL* -res ne30pg2_oECv3 with MPASO on 7 nodes, 128x1 c8 
setting additional fields from config_pes: {'MAX_MPITASKS_PER_NODE': '128'}
 Compset is: 20TRSOI_EAM%CMIP6_ELM%SPBC_MPASSI_MPASO_MOSART_SGLC_SWAV_SIAC_SESP 
 Grid is: a%ne30np4.pg2_l%ne30np4.pg2_oi%EC30to60E2r2_r%r05_g%null_w%null_z%null_m%EC30to60E2r2 
 Components in compset are: ['eam', 'elm', 'mpassi', 'mpaso', 'mosart', 'sglc', 'swav', 'siac', 'sesp'] 
No charge_account info available, using value from PROJECT
e3sm model version found: 0f362f469f
Batch_system_type is nersc_slurm
job is case.run USER_REQUESTED_WALLTIME 12:00:00 USER_REQUESTED_QUEUE None WALLTIME_FORMAT %H:%M:%S
job is case.st_archive USER_REQUESTED_WALLTIME None USER_REQUESTED_QUEUE None WALLTIME_FORMAT %H:%M:%S
 Creating Case directory /pscratch/sd/n/nanr/v21.LR.SMYLE/v21.LR.BSMYLE.1982-11.001/case_scripts.015

----- Starting case_setup -----

Successfully cleaned env_mach_specific.xml
Setting resource.RLIMIT_STACK to -1 from (8388608, -1)
job is case.run USER_REQUESTED_WALLTIME 12:00:00 USER_REQUESTED_QUEUE None WALLTIME_FORMAT %H:%M:%S
Creating batch scripts
Writing case.run script from input template /global/cfs/cdirs/mp9/e3sm_tags/E3SMv2.1/cime_config/machines/template.case.run
Creating file .case.run
Writing case.st_archive script from input template /global/cfs/cdirs/mp9/e3sm_tags/E3SMv2.1/cime_config/machines/template.st_archive
Creating file case.st_archive
Creating file .case.run.sh
Creating user_nl_xxx files for components and cpl
If an old case build already exists, might want to run 'case.build --clean' before building
Generating component namelists as part of setup
  2023-10-20 18:03:48 atm 
Create namelist for component eam
   Calling /global/cfs/cdirs/mp9/e3sm_tags/E3SMv2.1/components/eam//cime_config/buildnml
  2023-10-20 18:03:49 lnd 
Create namelist for component elm
   Calling /global/cfs/cdirs/mp9/e3sm_tags/E3SMv2.1/components/elm/cime_config/buildnml
  2023-10-20 18:03:49 ice 
Create namelist for component mpassi
   Calling /global/cfs/cdirs/mp9/e3sm_tags/E3SMv2.1/components/mpas-seaice/cime_config/buildnml
  2023-10-20 18:03:49 ocn 
Create namelist for component mpaso
   Calling /global/cfs/cdirs/mp9/e3sm_tags/E3SMv2.1/components/mpas-ocean/cime_config/buildnml
  2023-10-20 18:03:49 rof 
Create namelist for component mosart
   Calling /global/cfs/cdirs/mp9/e3sm_tags/E3SMv2.1/components/mosart//cime_config/buildnml
  2023-10-20 18:03:50 glc 
Create namelist for component sglc
   Calling /global/cfs/cdirs/mp9/e3sm_tags/E3SMv2.1/components/stub_comps/sglc/cime_config/buildnml
  2023-10-20 18:03:50 wav 
Create namelist for component swav
   Calling /global/cfs/cdirs/mp9/e3sm_tags/E3SMv2.1/components/stub_comps/swav/cime_config/buildnml
  2023-10-20 18:03:50 iac 
Create namelist for component siac
   Calling /global/cfs/cdirs/mp9/e3sm_tags/E3SMv2.1/components/stub_comps/siac/cime_config/buildnml
  2023-10-20 18:03:50 esp 
Create namelist for component sesp
   Calling /global/cfs/cdirs/mp9/e3sm_tags/E3SMv2.1/components/stub_comps/sesp/cime_config/buildnml
  2023-10-20 18:03:50 cpl 
Create namelist for component drv
   Calling /global/cfs/cdirs/mp9/e3sm_tags/E3SMv2.1/driver-mct/cime_config/buildnml
You can now run './preview_run' to get more info on how your case will be run
Here is the RUNDIR /pscratch/sd/n/nanr/v21.LR.SMYLE/v21.LR.BSMYLE.1982-11.001/run.015
atm_in
atm_modelio.nml
CASEROOT
cpl_modelio.nml
drv_flds_in
drv_in
esp_modelio.nml
glc_modelio.nml
iac_modelio.nml
ice_modelio.nml
lnd_in
lnd_modelio.nml
mosart_in
mpaso_in
mpassi_in
ocn_modelio.nml
rof_modelio.nml
seq_maps.rc
streams.ocean
streams.seaice
wav_modelio.nml
15

----- case_build -----

Using $OLD_EXECUTABLE = /pscratch/sd/n/nanr/v21.LR.SMYLE/exeroot/build
cp: -r not specified; omitting directory '/pscratch/sd/n/nanr/v21.LR.SMYLE/exeroot/build'
WARNING: Setting BUILD_COMPLETE = TRUE.  This is a little risky, but trusting the user.
For your changes to take effect, run:
./case.build --clean-all
./case.build
Setting resource.RLIMIT_STACK to -1 from (8388608, -1)
  2023-10-20 18:03:52 atm 
Create namelist for component eam
   Calling /global/cfs/cdirs/mp9/e3sm_tags/E3SMv2.1/components/eam//cime_config/buildnml
  2023-10-20 18:03:52 lnd 
Create namelist for component elm
   Calling /global/cfs/cdirs/mp9/e3sm_tags/E3SMv2.1/components/elm/cime_config/buildnml
  2023-10-20 18:03:52 ice 
Create namelist for component mpassi
   Calling /global/cfs/cdirs/mp9/e3sm_tags/E3SMv2.1/components/mpas-seaice/cime_config/buildnml
  2023-10-20 18:03:52 ocn 
Create namelist for component mpaso
   Calling /global/cfs/cdirs/mp9/e3sm_tags/E3SMv2.1/components/mpas-ocean/cime_config/buildnml
  2023-10-20 18:03:53 rof 
Create namelist for component mosart
   Calling /global/cfs/cdirs/mp9/e3sm_tags/E3SMv2.1/components/mosart//cime_config/buildnml
  2023-10-20 18:03:53 glc 
Create namelist for component sglc
   Calling /global/cfs/cdirs/mp9/e3sm_tags/E3SMv2.1/components/stub_comps/sglc/cime_config/buildnml
  2023-10-20 18:03:53 wav 
Create namelist for component swav
   Calling /global/cfs/cdirs/mp9/e3sm_tags/E3SMv2.1/components/stub_comps/swav/cime_config/buildnml
  2023-10-20 18:03:53 iac 
Create namelist for component siac
   Calling /global/cfs/cdirs/mp9/e3sm_tags/E3SMv2.1/components/stub_comps/siac/cime_config/buildnml
  2023-10-20 18:03:53 esp 
Create namelist for component sesp
   Calling /global/cfs/cdirs/mp9/e3sm_tags/E3SMv2.1/components/stub_comps/sesp/cime_config/buildnml
  2023-10-20 18:03:53 cpl 
Create namelist for component drv
   Calling /global/cfs/cdirs/mp9/e3sm_tags/E3SMv2.1/driver-mct/cime_config/buildnml

----- Starting runtime_options -----

Warning: $MODEL_START_TYPE = hybrid
$RUN_REFDIR = /global/cfs/cdirs/mp9/E3SMv2.1-SMYLE/inputdata/e3sm_init/v21.LR.SMYLE_IC.1982-11.01/
$RUN_REFCASE = v21.LR.SMYLE_IC.1982-11.01
$RUN_REFDATE = 1982-11-01


----- Saving run script for provenance -----

'run.v21.LR.BSMYLE.sh' -> '/pscratch/sd/n/nanr/v21.LR.SMYLE/v21.LR.BSMYLE.1982-11.001/case_scripts.015/run_script_provenance/run.v21.LR.BSMYLE.sh.20231020-180357'

----- Starting case_submit -----


env_batch.xml appears to have changed, regenerating batch scripts
manual edits to these file will be lost!

Creating batch scripts
Writing case.run script from input template /global/cfs/cdirs/mp9/e3sm_tags/E3SMv2.1/cime_config/machines/template.case.run
Creating file .case.run
Writing case.st_archive script from input template /global/cfs/cdirs/mp9/e3sm_tags/E3SMv2.1/cime_config/machines/template.st_archive
Creating file case.st_archive
Setting resource.RLIMIT_STACK to -1 from (8388608, -1)
GET_REFCASE is false, the user is expected to stage the refcase to the run directory.
  2023-10-20 18:04:00 atm 
Create namelist for component eam
   Calling /global/cfs/cdirs/mp9/e3sm_tags/E3SMv2.1/components/eam//cime_config/buildnml
  2023-10-20 18:04:00 lnd 
Create namelist for component elm
   Calling /global/cfs/cdirs/mp9/e3sm_tags/E3SMv2.1/components/elm/cime_config/buildnml
  2023-10-20 18:04:01 ice 
Create namelist for component mpassi
   Calling /global/cfs/cdirs/mp9/e3sm_tags/E3SMv2.1/components/mpas-seaice/cime_config/buildnml
  2023-10-20 18:04:02 ocn 
Create namelist for component mpaso
   Calling /global/cfs/cdirs/mp9/e3sm_tags/E3SMv2.1/components/mpas-ocean/cime_config/buildnml
  2023-10-20 18:04:04 rof 
Create namelist for component mosart
   Calling /global/cfs/cdirs/mp9/e3sm_tags/E3SMv2.1/components/mosart//cime_config/buildnml
  2023-10-20 18:04:05 glc 
Create namelist for component sglc
   Calling /global/cfs/cdirs/mp9/e3sm_tags/E3SMv2.1/components/stub_comps/sglc/cime_config/buildnml
  2023-10-20 18:04:05 wav 
Create namelist for component swav
   Calling /global/cfs/cdirs/mp9/e3sm_tags/E3SMv2.1/components/stub_comps/swav/cime_config/buildnml
  2023-10-20 18:04:05 iac 
Create namelist for component siac
   Calling /global/cfs/cdirs/mp9/e3sm_tags/E3SMv2.1/components/stub_comps/siac/cime_config/buildnml
  2023-10-20 18:04:05 esp 
Create namelist for component sesp
   Calling /global/cfs/cdirs/mp9/e3sm_tags/E3SMv2.1/components/stub_comps/sesp/cime_config/buildnml
  2023-10-20 18:04:05 cpl 
Create namelist for component drv
   Calling /global/cfs/cdirs/mp9/e3sm_tags/E3SMv2.1/driver-mct/cime_config/buildnml
Checking that inputdata is available as part of case submission
Setting resource.RLIMIT_STACK to -1 from (-1, -1)
Loading input file list: 'Buildconf/mosart.input_data_list'
Loading input file list: 'Buildconf/mpaso.input_data_list'
Loading input file list: 'Buildconf/cpl.input_data_list'
Loading input file list: 'Buildconf/elm.input_data_list'
Loading input file list: 'Buildconf/eam.input_data_list'
Loading input file list: 'Buildconf/mpassi.input_data_list'
GET_REFCASE is false, the user is expected to stage the refcase to the run directory.
Check case OK
submit_jobs case.run
Submit job case.run
Deprecated "arg" node detected in /pscratch/sd/n/nanr/v21.LR.SMYLE/v21.LR.BSMYLE.1982-11.001/case_scripts.015/env_batch.xml, check files /global/cfs/cdirs/mp9/e3sm_tags/E3SMv2.1/cime_config/machines/config_batch.xml
Submitting job script sbatch --time 12:00:00 -q regular --account mp9 .case.run --resubmit
Submitted job id is 17225451
Submit job case.st_archive
Deprecated "arg" node detected in /pscratch/sd/n/nanr/v21.LR.SMYLE/v21.LR.BSMYLE.1982-11.001/case_scripts.015/env_batch.xml, check files /global/cfs/cdirs/mp9/e3sm_tags/E3SMv2.1/cime_config/machines/config_batch.xml
Submitting job script sbatch --time 00:20:00 -q regular --account mp9 --dependency=afterok:17225451 case.st_archive --resubmit
Submitted job id is 17225453
Submitted job case.run with id 17225451
Submitted job case.st_archive with id 17225453

----- All done -----

16
016

----- Skipping fetch_code -----


----- Starting create_newcase -----

Compset longname is 20TRSOI_EAM%CMIP6_ELM%SPBC_MPASSI_MPASO_MOSART_SGLC_SWAV
Compset specification file is /global/cfs/cdirs/mp9/e3sm_tags/E3SMv2.1/cime_config/allactive/config_compsets.xml
Automatically adding SIAC to compset
Automatically adding SESP to compset
Compset forcing is 
ATM component is cam5 physics:EAM with complete set of E3SM atmospheric mods for V1 (72 layers model) and ACES4BGC SOAG emissions- CMIP6-DECK:
LND component is clm4.5 physics:clm4.5 Satellite phenology:clm4.5 Satellite phenology with black carbon deposition:
ICE component is MPAS seaice:
OCN component is mpas ocean default:
ROF component is MOSART:
GLC component is Stub glacier (land ice) component
WAV component is Stub wave component
IAC component is Stub iac component
ESP component is Stub external system processing (ESP) component
Pes     specification file is /global/cfs/cdirs/mp9/e3sm_tags/E3SMv2.1/cime_config/allactive/config_pesall.xml
Machine is pm-cpu
Pes setting: grid match    is a%ne30.+_oi%.*EC.*to 
Pes setting: machine match is pm-cpu|alvarez 
Pes setting: compset_match is .*EAM.+ELM.+MPASSI.+MPASO.+MOSART.+ 
Pes setting: grid          is a%ne30np4.pg2_l%ne30np4.pg2_oi%EC30to60E2r2_r%r05_g%null_w%null_z%null_m%EC30to60E2r2 
Pes setting: compset       is 20TRSOI_EAM%CMIP6_ELM%SPBC_MPASSI_MPASO_MOSART_SGLC_SWAV_SIAC_SESP 
Pes setting: tasks       is {'NTASKS_ATM': 640, 'NTASKS_LND': 640, 'NTASKS_ROF': 640, 'NTASKS_ICE': 640, 'NTASKS_OCN': 256, 'NTASKS_CPL': 80} 
Pes setting: threads     is {'NTHRDS_ATM': 1, 'NTHRDS_LND': 1, 'NTHRDS_ROF': 1, 'NTHRDS_ICE': 1, 'NTHRDS_OCN': 1, 'NTHRDS_CPL': 1} 
Pes setting: rootpe      is {'ROOTPE_ATM': 0, 'ROOTPE_LND': 0, 'ROOTPE_ROF': 0, 'ROOTPE_ICE': 0, 'ROOTPE_OCN': 640, 'ROOTPE_CPL': 0} 
Pes setting: pstrid      is {'PSTRID_CPL': 8} 
Pes other settings: {'MAX_MPITASKS_PER_NODE': '128'}
Pes comments:  -compset A_WCYCL* -res ne30pg2_oECv3 with MPASO on 7 nodes, 128x1 c8 
setting additional fields from config_pes: {'MAX_MPITASKS_PER_NODE': '128'}
 Compset is: 20TRSOI_EAM%CMIP6_ELM%SPBC_MPASSI_MPASO_MOSART_SGLC_SWAV_SIAC_SESP 
 Grid is: a%ne30np4.pg2_l%ne30np4.pg2_oi%EC30to60E2r2_r%r05_g%null_w%null_z%null_m%EC30to60E2r2 
 Components in compset are: ['eam', 'elm', 'mpassi', 'mpaso', 'mosart', 'sglc', 'swav', 'siac', 'sesp'] 
No charge_account info available, using value from PROJECT
e3sm model version found: 0f362f469f
Batch_system_type is nersc_slurm
job is case.run USER_REQUESTED_WALLTIME 12:00:00 USER_REQUESTED_QUEUE None WALLTIME_FORMAT %H:%M:%S
job is case.st_archive USER_REQUESTED_WALLTIME None USER_REQUESTED_QUEUE None WALLTIME_FORMAT %H:%M:%S
 Creating Case directory /pscratch/sd/n/nanr/v21.LR.SMYLE/v21.LR.BSMYLE.1982-11.001/case_scripts.016

----- Starting case_setup -----

Successfully cleaned env_mach_specific.xml
Setting resource.RLIMIT_STACK to -1 from (8388608, -1)
job is case.run USER_REQUESTED_WALLTIME 12:00:00 USER_REQUESTED_QUEUE None WALLTIME_FORMAT %H:%M:%S
Creating batch scripts
Writing case.run script from input template /global/cfs/cdirs/mp9/e3sm_tags/E3SMv2.1/cime_config/machines/template.case.run
Creating file .case.run
Writing case.st_archive script from input template /global/cfs/cdirs/mp9/e3sm_tags/E3SMv2.1/cime_config/machines/template.st_archive
Creating file case.st_archive
Creating file .case.run.sh
Creating user_nl_xxx files for components and cpl
If an old case build already exists, might want to run 'case.build --clean' before building
Generating component namelists as part of setup
  2023-10-20 18:04:23 atm 
Create namelist for component eam
   Calling /global/cfs/cdirs/mp9/e3sm_tags/E3SMv2.1/components/eam//cime_config/buildnml
  2023-10-20 18:04:24 lnd 
Create namelist for component elm
   Calling /global/cfs/cdirs/mp9/e3sm_tags/E3SMv2.1/components/elm/cime_config/buildnml
  2023-10-20 18:04:24 ice 
Create namelist for component mpassi
   Calling /global/cfs/cdirs/mp9/e3sm_tags/E3SMv2.1/components/mpas-seaice/cime_config/buildnml
  2023-10-20 18:04:24 ocn 
Create namelist for component mpaso
   Calling /global/cfs/cdirs/mp9/e3sm_tags/E3SMv2.1/components/mpas-ocean/cime_config/buildnml
  2023-10-20 18:04:24 rof 
Create namelist for component mosart
   Calling /global/cfs/cdirs/mp9/e3sm_tags/E3SMv2.1/components/mosart//cime_config/buildnml
  2023-10-20 18:04:24 glc 
Create namelist for component sglc
   Calling /global/cfs/cdirs/mp9/e3sm_tags/E3SMv2.1/components/stub_comps/sglc/cime_config/buildnml
  2023-10-20 18:04:24 wav 
Create namelist for component swav
   Calling /global/cfs/cdirs/mp9/e3sm_tags/E3SMv2.1/components/stub_comps/swav/cime_config/buildnml
  2023-10-20 18:04:24 iac 
Create namelist for component siac
   Calling /global/cfs/cdirs/mp9/e3sm_tags/E3SMv2.1/components/stub_comps/siac/cime_config/buildnml
  2023-10-20 18:04:24 esp 
Create namelist for component sesp
   Calling /global/cfs/cdirs/mp9/e3sm_tags/E3SMv2.1/components/stub_comps/sesp/cime_config/buildnml
  2023-10-20 18:04:24 cpl 
Create namelist for component drv
   Calling /global/cfs/cdirs/mp9/e3sm_tags/E3SMv2.1/driver-mct/cime_config/buildnml
You can now run './preview_run' to get more info on how your case will be run
Here is the RUNDIR /pscratch/sd/n/nanr/v21.LR.SMYLE/v21.LR.BSMYLE.1982-11.001/run.016
atm_in
atm_modelio.nml
CASEROOT
cpl_modelio.nml
drv_flds_in
drv_in
esp_modelio.nml
glc_modelio.nml
iac_modelio.nml
ice_modelio.nml
lnd_in
lnd_modelio.nml
mosart_in
mpaso_in
mpassi_in
ocn_modelio.nml
rof_modelio.nml
seq_maps.rc
streams.ocean
streams.seaice
wav_modelio.nml
16

----- case_build -----

Using $OLD_EXECUTABLE = /pscratch/sd/n/nanr/v21.LR.SMYLE/exeroot/build
cp: -r not specified; omitting directory '/pscratch/sd/n/nanr/v21.LR.SMYLE/exeroot/build'
WARNING: Setting BUILD_COMPLETE = TRUE.  This is a little risky, but trusting the user.
For your changes to take effect, run:
./case.build --clean-all
./case.build
Setting resource.RLIMIT_STACK to -1 from (8388608, -1)
  2023-10-20 18:04:27 atm 
Create namelist for component eam
   Calling /global/cfs/cdirs/mp9/e3sm_tags/E3SMv2.1/components/eam//cime_config/buildnml
  2023-10-20 18:04:27 lnd 
Create namelist for component elm
   Calling /global/cfs/cdirs/mp9/e3sm_tags/E3SMv2.1/components/elm/cime_config/buildnml
  2023-10-20 18:04:27 ice 
Create namelist for component mpassi
   Calling /global/cfs/cdirs/mp9/e3sm_tags/E3SMv2.1/components/mpas-seaice/cime_config/buildnml
  2023-10-20 18:04:27 ocn 
Create namelist for component mpaso
   Calling /global/cfs/cdirs/mp9/e3sm_tags/E3SMv2.1/components/mpas-ocean/cime_config/buildnml
  2023-10-20 18:04:27 rof 
Create namelist for component mosart
   Calling /global/cfs/cdirs/mp9/e3sm_tags/E3SMv2.1/components/mosart//cime_config/buildnml
  2023-10-20 18:04:28 glc 
Create namelist for component sglc
   Calling /global/cfs/cdirs/mp9/e3sm_tags/E3SMv2.1/components/stub_comps/sglc/cime_config/buildnml
  2023-10-20 18:04:28 wav 
Create namelist for component swav
   Calling /global/cfs/cdirs/mp9/e3sm_tags/E3SMv2.1/components/stub_comps/swav/cime_config/buildnml
  2023-10-20 18:04:28 iac 
Create namelist for component siac
   Calling /global/cfs/cdirs/mp9/e3sm_tags/E3SMv2.1/components/stub_comps/siac/cime_config/buildnml
  2023-10-20 18:04:28 esp 
Create namelist for component sesp
   Calling /global/cfs/cdirs/mp9/e3sm_tags/E3SMv2.1/components/stub_comps/sesp/cime_config/buildnml
  2023-10-20 18:04:28 cpl 
Create namelist for component drv
   Calling /global/cfs/cdirs/mp9/e3sm_tags/E3SMv2.1/driver-mct/cime_config/buildnml

----- Starting runtime_options -----

Warning: $MODEL_START_TYPE = hybrid
$RUN_REFDIR = /global/cfs/cdirs/mp9/E3SMv2.1-SMYLE/inputdata/e3sm_init/v21.LR.SMYLE_IC.1982-11.01/
$RUN_REFCASE = v21.LR.SMYLE_IC.1982-11.01
$RUN_REFDATE = 1982-11-01


----- Saving run script for provenance -----

'run.v21.LR.BSMYLE.sh' -> '/pscratch/sd/n/nanr/v21.LR.SMYLE/v21.LR.BSMYLE.1982-11.001/case_scripts.016/run_script_provenance/run.v21.LR.BSMYLE.sh.20231020-180432'

----- Starting case_submit -----


env_batch.xml appears to have changed, regenerating batch scripts
manual edits to these file will be lost!

Creating batch scripts
Writing case.run script from input template /global/cfs/cdirs/mp9/e3sm_tags/E3SMv2.1/cime_config/machines/template.case.run
Creating file .case.run
Writing case.st_archive script from input template /global/cfs/cdirs/mp9/e3sm_tags/E3SMv2.1/cime_config/machines/template.st_archive
Creating file case.st_archive
Setting resource.RLIMIT_STACK to -1 from (8388608, -1)
GET_REFCASE is false, the user is expected to stage the refcase to the run directory.
  2023-10-20 18:04:35 atm 
Create namelist for component eam
   Calling /global/cfs/cdirs/mp9/e3sm_tags/E3SMv2.1/components/eam//cime_config/buildnml
  2023-10-20 18:04:35 lnd 
Create namelist for component elm
   Calling /global/cfs/cdirs/mp9/e3sm_tags/E3SMv2.1/components/elm/cime_config/buildnml
  2023-10-20 18:04:35 ice 
Create namelist for component mpassi
   Calling /global/cfs/cdirs/mp9/e3sm_tags/E3SMv2.1/components/mpas-seaice/cime_config/buildnml
  2023-10-20 18:04:37 ocn 
Create namelist for component mpaso
   Calling /global/cfs/cdirs/mp9/e3sm_tags/E3SMv2.1/components/mpas-ocean/cime_config/buildnml
  2023-10-20 18:04:39 rof 
Create namelist for component mosart
   Calling /global/cfs/cdirs/mp9/e3sm_tags/E3SMv2.1/components/mosart//cime_config/buildnml
  2023-10-20 18:04:39 glc 
Create namelist for component sglc
   Calling /global/cfs/cdirs/mp9/e3sm_tags/E3SMv2.1/components/stub_comps/sglc/cime_config/buildnml
  2023-10-20 18:04:39 wav 
Create namelist for component swav
   Calling /global/cfs/cdirs/mp9/e3sm_tags/E3SMv2.1/components/stub_comps/swav/cime_config/buildnml
  2023-10-20 18:04:39 iac 
Create namelist for component siac
   Calling /global/cfs/cdirs/mp9/e3sm_tags/E3SMv2.1/components/stub_comps/siac/cime_config/buildnml
  2023-10-20 18:04:39 esp 
Create namelist for component sesp
   Calling /global/cfs/cdirs/mp9/e3sm_tags/E3SMv2.1/components/stub_comps/sesp/cime_config/buildnml
  2023-10-20 18:04:39 cpl 
Create namelist for component drv
   Calling /global/cfs/cdirs/mp9/e3sm_tags/E3SMv2.1/driver-mct/cime_config/buildnml
Checking that inputdata is available as part of case submission
Setting resource.RLIMIT_STACK to -1 from (-1, -1)
Loading input file list: 'Buildconf/mosart.input_data_list'
Loading input file list: 'Buildconf/mpaso.input_data_list'
Loading input file list: 'Buildconf/cpl.input_data_list'
Loading input file list: 'Buildconf/elm.input_data_list'
Loading input file list: 'Buildconf/eam.input_data_list'
Loading input file list: 'Buildconf/mpassi.input_data_list'
GET_REFCASE is false, the user is expected to stage the refcase to the run directory.
Check case OK
submit_jobs case.run
Submit job case.run
Deprecated "arg" node detected in /pscratch/sd/n/nanr/v21.LR.SMYLE/v21.LR.BSMYLE.1982-11.001/case_scripts.016/env_batch.xml, check files /global/cfs/cdirs/mp9/e3sm_tags/E3SMv2.1/cime_config/machines/config_batch.xml
Submitting job script sbatch --time 12:00:00 -q regular --account mp9 .case.run --resubmit
Submitted job id is 17225460
Submit job case.st_archive
Deprecated "arg" node detected in /pscratch/sd/n/nanr/v21.LR.SMYLE/v21.LR.BSMYLE.1982-11.001/case_scripts.016/env_batch.xml, check files /global/cfs/cdirs/mp9/e3sm_tags/E3SMv2.1/cime_config/machines/config_batch.xml
Submitting job script sbatch --time 00:20:00 -q regular --account mp9 --dependency=afterok:17225460 case.st_archive --resubmit
Submitted job id is 17225461
Submitted job case.run with id 17225460
Submitted job case.st_archive with id 17225461

----- All done -----

17
017

----- Skipping fetch_code -----


----- Starting create_newcase -----

Compset longname is 20TRSOI_EAM%CMIP6_ELM%SPBC_MPASSI_MPASO_MOSART_SGLC_SWAV
Compset specification file is /global/cfs/cdirs/mp9/e3sm_tags/E3SMv2.1/cime_config/allactive/config_compsets.xml
Automatically adding SIAC to compset
Automatically adding SESP to compset
Compset forcing is 
ATM component is cam5 physics:EAM with complete set of E3SM atmospheric mods for V1 (72 layers model) and ACES4BGC SOAG emissions- CMIP6-DECK:
LND component is clm4.5 physics:clm4.5 Satellite phenology:clm4.5 Satellite phenology with black carbon deposition:
ICE component is MPAS seaice:
OCN component is mpas ocean default:
ROF component is MOSART:
GLC component is Stub glacier (land ice) component
WAV component is Stub wave component
IAC component is Stub iac component
ESP component is Stub external system processing (ESP) component
Pes     specification file is /global/cfs/cdirs/mp9/e3sm_tags/E3SMv2.1/cime_config/allactive/config_pesall.xml
Machine is pm-cpu
Pes setting: grid match    is a%ne30.+_oi%.*EC.*to 
Pes setting: machine match is pm-cpu|alvarez 
Pes setting: compset_match is .*EAM.+ELM.+MPASSI.+MPASO.+MOSART.+ 
Pes setting: grid          is a%ne30np4.pg2_l%ne30np4.pg2_oi%EC30to60E2r2_r%r05_g%null_w%null_z%null_m%EC30to60E2r2 
Pes setting: compset       is 20TRSOI_EAM%CMIP6_ELM%SPBC_MPASSI_MPASO_MOSART_SGLC_SWAV_SIAC_SESP 
Pes setting: tasks       is {'NTASKS_ATM': 640, 'NTASKS_LND': 640, 'NTASKS_ROF': 640, 'NTASKS_ICE': 640, 'NTASKS_OCN': 256, 'NTASKS_CPL': 80} 
Pes setting: threads     is {'NTHRDS_ATM': 1, 'NTHRDS_LND': 1, 'NTHRDS_ROF': 1, 'NTHRDS_ICE': 1, 'NTHRDS_OCN': 1, 'NTHRDS_CPL': 1} 
Pes setting: rootpe      is {'ROOTPE_ATM': 0, 'ROOTPE_LND': 0, 'ROOTPE_ROF': 0, 'ROOTPE_ICE': 0, 'ROOTPE_OCN': 640, 'ROOTPE_CPL': 0} 
Pes setting: pstrid      is {'PSTRID_CPL': 8} 
Pes other settings: {'MAX_MPITASKS_PER_NODE': '128'}
Pes comments:  -compset A_WCYCL* -res ne30pg2_oECv3 with MPASO on 7 nodes, 128x1 c8 
setting additional fields from config_pes: {'MAX_MPITASKS_PER_NODE': '128'}
 Compset is: 20TRSOI_EAM%CMIP6_ELM%SPBC_MPASSI_MPASO_MOSART_SGLC_SWAV_SIAC_SESP 
 Grid is: a%ne30np4.pg2_l%ne30np4.pg2_oi%EC30to60E2r2_r%r05_g%null_w%null_z%null_m%EC30to60E2r2 
 Components in compset are: ['eam', 'elm', 'mpassi', 'mpaso', 'mosart', 'sglc', 'swav', 'siac', 'sesp'] 
No charge_account info available, using value from PROJECT
e3sm model version found: 0f362f469f
Batch_system_type is nersc_slurm
job is case.run USER_REQUESTED_WALLTIME 12:00:00 USER_REQUESTED_QUEUE None WALLTIME_FORMAT %H:%M:%S
job is case.st_archive USER_REQUESTED_WALLTIME None USER_REQUESTED_QUEUE None WALLTIME_FORMAT %H:%M:%S
 Creating Case directory /pscratch/sd/n/nanr/v21.LR.SMYLE/v21.LR.BSMYLE.1982-11.001/case_scripts.017

----- Starting case_setup -----

Successfully cleaned env_mach_specific.xml
Setting resource.RLIMIT_STACK to -1 from (8388608, -1)
job is case.run USER_REQUESTED_WALLTIME 12:00:00 USER_REQUESTED_QUEUE None WALLTIME_FORMAT %H:%M:%S
Creating batch scripts
Writing case.run script from input template /global/cfs/cdirs/mp9/e3sm_tags/E3SMv2.1/cime_config/machines/template.case.run
Creating file .case.run
Writing case.st_archive script from input template /global/cfs/cdirs/mp9/e3sm_tags/E3SMv2.1/cime_config/machines/template.st_archive
Creating file case.st_archive
Creating file .case.run.sh
Creating user_nl_xxx files for components and cpl
If an old case build already exists, might want to run 'case.build --clean' before building
Generating component namelists as part of setup
  2023-10-20 18:04:55 atm 
Create namelist for component eam
   Calling /global/cfs/cdirs/mp9/e3sm_tags/E3SMv2.1/components/eam//cime_config/buildnml
  2023-10-20 18:04:55 lnd 
Create namelist for component elm
   Calling /global/cfs/cdirs/mp9/e3sm_tags/E3SMv2.1/components/elm/cime_config/buildnml
  2023-10-20 18:04:55 ice 
Create namelist for component mpassi
   Calling /global/cfs/cdirs/mp9/e3sm_tags/E3SMv2.1/components/mpas-seaice/cime_config/buildnml
  2023-10-20 18:04:56 ocn 
Create namelist for component mpaso
   Calling /global/cfs/cdirs/mp9/e3sm_tags/E3SMv2.1/components/mpas-ocean/cime_config/buildnml
  2023-10-20 18:04:56 rof 
Create namelist for component mosart
   Calling /global/cfs/cdirs/mp9/e3sm_tags/E3SMv2.1/components/mosart//cime_config/buildnml
  2023-10-20 18:04:56 glc 
Create namelist for component sglc
   Calling /global/cfs/cdirs/mp9/e3sm_tags/E3SMv2.1/components/stub_comps/sglc/cime_config/buildnml
  2023-10-20 18:04:56 wav 
Create namelist for component swav
   Calling /global/cfs/cdirs/mp9/e3sm_tags/E3SMv2.1/components/stub_comps/swav/cime_config/buildnml
  2023-10-20 18:04:56 iac 
Create namelist for component siac
   Calling /global/cfs/cdirs/mp9/e3sm_tags/E3SMv2.1/components/stub_comps/siac/cime_config/buildnml
  2023-10-20 18:04:56 esp 
Create namelist for component sesp
   Calling /global/cfs/cdirs/mp9/e3sm_tags/E3SMv2.1/components/stub_comps/sesp/cime_config/buildnml
  2023-10-20 18:04:56 cpl 
Create namelist for component drv
   Calling /global/cfs/cdirs/mp9/e3sm_tags/E3SMv2.1/driver-mct/cime_config/buildnml
You can now run './preview_run' to get more info on how your case will be run
Here is the RUNDIR /pscratch/sd/n/nanr/v21.LR.SMYLE/v21.LR.BSMYLE.1982-11.001/run.017
atm_in
atm_modelio.nml
CASEROOT
cpl_modelio.nml
drv_flds_in
drv_in
esp_modelio.nml
glc_modelio.nml
iac_modelio.nml
ice_modelio.nml
lnd_in
lnd_modelio.nml
mosart_in
mpaso_in
mpassi_in
ocn_modelio.nml
rof_modelio.nml
seq_maps.rc
streams.ocean
streams.seaice
wav_modelio.nml
17

----- case_build -----

Using $OLD_EXECUTABLE = /pscratch/sd/n/nanr/v21.LR.SMYLE/exeroot/build
cp: -r not specified; omitting directory '/pscratch/sd/n/nanr/v21.LR.SMYLE/exeroot/build'
WARNING: Setting BUILD_COMPLETE = TRUE.  This is a little risky, but trusting the user.
For your changes to take effect, run:
./case.build --clean-all
./case.build
Setting resource.RLIMIT_STACK to -1 from (8388608, -1)
  2023-10-20 18:04:58 atm 
Create namelist for component eam
   Calling /global/cfs/cdirs/mp9/e3sm_tags/E3SMv2.1/components/eam//cime_config/buildnml
  2023-10-20 18:04:58 lnd 
Create namelist for component elm
   Calling /global/cfs/cdirs/mp9/e3sm_tags/E3SMv2.1/components/elm/cime_config/buildnml
  2023-10-20 18:04:59 ice 
Create namelist for component mpassi
   Calling /global/cfs/cdirs/mp9/e3sm_tags/E3SMv2.1/components/mpas-seaice/cime_config/buildnml
  2023-10-20 18:04:59 ocn 
Create namelist for component mpaso
   Calling /global/cfs/cdirs/mp9/e3sm_tags/E3SMv2.1/components/mpas-ocean/cime_config/buildnml
  2023-10-20 18:04:59 rof 
Create namelist for component mosart
   Calling /global/cfs/cdirs/mp9/e3sm_tags/E3SMv2.1/components/mosart//cime_config/buildnml
  2023-10-20 18:04:59 glc 
Create namelist for component sglc
   Calling /global/cfs/cdirs/mp9/e3sm_tags/E3SMv2.1/components/stub_comps/sglc/cime_config/buildnml
  2023-10-20 18:04:59 wav 
Create namelist for component swav
   Calling /global/cfs/cdirs/mp9/e3sm_tags/E3SMv2.1/components/stub_comps/swav/cime_config/buildnml
  2023-10-20 18:04:59 iac 
Create namelist for component siac
   Calling /global/cfs/cdirs/mp9/e3sm_tags/E3SMv2.1/components/stub_comps/siac/cime_config/buildnml
  2023-10-20 18:04:59 esp 
Create namelist for component sesp
   Calling /global/cfs/cdirs/mp9/e3sm_tags/E3SMv2.1/components/stub_comps/sesp/cime_config/buildnml
  2023-10-20 18:04:59 cpl 
Create namelist for component drv
   Calling /global/cfs/cdirs/mp9/e3sm_tags/E3SMv2.1/driver-mct/cime_config/buildnml

----- Starting runtime_options -----

Warning: $MODEL_START_TYPE = hybrid
$RUN_REFDIR = /global/cfs/cdirs/mp9/E3SMv2.1-SMYLE/inputdata/e3sm_init/v21.LR.SMYLE_IC.1982-11.01/
$RUN_REFCASE = v21.LR.SMYLE_IC.1982-11.01
$RUN_REFDATE = 1982-11-01


----- Saving run script for provenance -----

'run.v21.LR.BSMYLE.sh' -> '/pscratch/sd/n/nanr/v21.LR.SMYLE/v21.LR.BSMYLE.1982-11.001/case_scripts.017/run_script_provenance/run.v21.LR.BSMYLE.sh.20231020-180503'

----- Starting case_submit -----


env_batch.xml appears to have changed, regenerating batch scripts
manual edits to these file will be lost!

Creating batch scripts
Writing case.run script from input template /global/cfs/cdirs/mp9/e3sm_tags/E3SMv2.1/cime_config/machines/template.case.run
Creating file .case.run
Writing case.st_archive script from input template /global/cfs/cdirs/mp9/e3sm_tags/E3SMv2.1/cime_config/machines/template.st_archive
Creating file case.st_archive
Setting resource.RLIMIT_STACK to -1 from (8388608, -1)
GET_REFCASE is false, the user is expected to stage the refcase to the run directory.
  2023-10-20 18:05:07 atm 
Create namelist for component eam
   Calling /global/cfs/cdirs/mp9/e3sm_tags/E3SMv2.1/components/eam//cime_config/buildnml
  2023-10-20 18:05:07 lnd 
Create namelist for component elm
   Calling /global/cfs/cdirs/mp9/e3sm_tags/E3SMv2.1/components/elm/cime_config/buildnml
  2023-10-20 18:05:07 ice 
Create namelist for component mpassi
   Calling /global/cfs/cdirs/mp9/e3sm_tags/E3SMv2.1/components/mpas-seaice/cime_config/buildnml
  2023-10-20 18:05:09 ocn 
Create namelist for component mpaso
   Calling /global/cfs/cdirs/mp9/e3sm_tags/E3SMv2.1/components/mpas-ocean/cime_config/buildnml
  2023-10-20 18:05:11 rof 
Create namelist for component mosart
   Calling /global/cfs/cdirs/mp9/e3sm_tags/E3SMv2.1/components/mosart//cime_config/buildnml
  2023-10-20 18:05:11 glc 
Create namelist for component sglc
   Calling /global/cfs/cdirs/mp9/e3sm_tags/E3SMv2.1/components/stub_comps/sglc/cime_config/buildnml
  2023-10-20 18:05:11 wav 
Create namelist for component swav
   Calling /global/cfs/cdirs/mp9/e3sm_tags/E3SMv2.1/components/stub_comps/swav/cime_config/buildnml
  2023-10-20 18:05:11 iac 
Create namelist for component siac
   Calling /global/cfs/cdirs/mp9/e3sm_tags/E3SMv2.1/components/stub_comps/siac/cime_config/buildnml
  2023-10-20 18:05:11 esp 
Create namelist for component sesp
   Calling /global/cfs/cdirs/mp9/e3sm_tags/E3SMv2.1/components/stub_comps/sesp/cime_config/buildnml
  2023-10-20 18:05:11 cpl 
Create namelist for component drv
   Calling /global/cfs/cdirs/mp9/e3sm_tags/E3SMv2.1/driver-mct/cime_config/buildnml
Checking that inputdata is available as part of case submission
Setting resource.RLIMIT_STACK to -1 from (-1, -1)
Loading input file list: 'Buildconf/mosart.input_data_list'
Loading input file list: 'Buildconf/mpaso.input_data_list'
Loading input file list: 'Buildconf/cpl.input_data_list'
Loading input file list: 'Buildconf/elm.input_data_list'
Loading input file list: 'Buildconf/eam.input_data_list'
Loading input file list: 'Buildconf/mpassi.input_data_list'
GET_REFCASE is false, the user is expected to stage the refcase to the run directory.
Check case OK
submit_jobs case.run
Submit job case.run
Deprecated "arg" node detected in /pscratch/sd/n/nanr/v21.LR.SMYLE/v21.LR.BSMYLE.1982-11.001/case_scripts.017/env_batch.xml, check files /global/cfs/cdirs/mp9/e3sm_tags/E3SMv2.1/cime_config/machines/config_batch.xml
Submitting job script sbatch --time 12:00:00 -q regular --account mp9 .case.run --resubmit
Submitted job id is 17225464
Submit job case.st_archive
Deprecated "arg" node detected in /pscratch/sd/n/nanr/v21.LR.SMYLE/v21.LR.BSMYLE.1982-11.001/case_scripts.017/env_batch.xml, check files /global/cfs/cdirs/mp9/e3sm_tags/E3SMv2.1/cime_config/machines/config_batch.xml
Submitting job script sbatch --time 00:20:00 -q regular --account mp9 --dependency=afterok:17225464 case.st_archive --resubmit
Submitted job id is 17225465
Submitted job case.run with id 17225464
Submitted job case.st_archive with id 17225465

----- All done -----

18
018

----- Skipping fetch_code -----


----- Starting create_newcase -----

Compset longname is 20TRSOI_EAM%CMIP6_ELM%SPBC_MPASSI_MPASO_MOSART_SGLC_SWAV
Compset specification file is /global/cfs/cdirs/mp9/e3sm_tags/E3SMv2.1/cime_config/allactive/config_compsets.xml
Automatically adding SIAC to compset
Automatically adding SESP to compset
Compset forcing is 
ATM component is cam5 physics:EAM with complete set of E3SM atmospheric mods for V1 (72 layers model) and ACES4BGC SOAG emissions- CMIP6-DECK:
LND component is clm4.5 physics:clm4.5 Satellite phenology:clm4.5 Satellite phenology with black carbon deposition:
ICE component is MPAS seaice:
OCN component is mpas ocean default:
ROF component is MOSART:
GLC component is Stub glacier (land ice) component
WAV component is Stub wave component
IAC component is Stub iac component
ESP component is Stub external system processing (ESP) component
Pes     specification file is /global/cfs/cdirs/mp9/e3sm_tags/E3SMv2.1/cime_config/allactive/config_pesall.xml
Machine is pm-cpu
Pes setting: grid match    is a%ne30.+_oi%.*EC.*to 
Pes setting: machine match is pm-cpu|alvarez 
Pes setting: compset_match is .*EAM.+ELM.+MPASSI.+MPASO.+MOSART.+ 
Pes setting: grid          is a%ne30np4.pg2_l%ne30np4.pg2_oi%EC30to60E2r2_r%r05_g%null_w%null_z%null_m%EC30to60E2r2 
Pes setting: compset       is 20TRSOI_EAM%CMIP6_ELM%SPBC_MPASSI_MPASO_MOSART_SGLC_SWAV_SIAC_SESP 
Pes setting: tasks       is {'NTASKS_ATM': 640, 'NTASKS_LND': 640, 'NTASKS_ROF': 640, 'NTASKS_ICE': 640, 'NTASKS_OCN': 256, 'NTASKS_CPL': 80} 
Pes setting: threads     is {'NTHRDS_ATM': 1, 'NTHRDS_LND': 1, 'NTHRDS_ROF': 1, 'NTHRDS_ICE': 1, 'NTHRDS_OCN': 1, 'NTHRDS_CPL': 1} 
Pes setting: rootpe      is {'ROOTPE_ATM': 0, 'ROOTPE_LND': 0, 'ROOTPE_ROF': 0, 'ROOTPE_ICE': 0, 'ROOTPE_OCN': 640, 'ROOTPE_CPL': 0} 
Pes setting: pstrid      is {'PSTRID_CPL': 8} 
Pes other settings: {'MAX_MPITASKS_PER_NODE': '128'}
Pes comments:  -compset A_WCYCL* -res ne30pg2_oECv3 with MPASO on 7 nodes, 128x1 c8 
setting additional fields from config_pes: {'MAX_MPITASKS_PER_NODE': '128'}
 Compset is: 20TRSOI_EAM%CMIP6_ELM%SPBC_MPASSI_MPASO_MOSART_SGLC_SWAV_SIAC_SESP 
 Grid is: a%ne30np4.pg2_l%ne30np4.pg2_oi%EC30to60E2r2_r%r05_g%null_w%null_z%null_m%EC30to60E2r2 
 Components in compset are: ['eam', 'elm', 'mpassi', 'mpaso', 'mosart', 'sglc', 'swav', 'siac', 'sesp'] 
No charge_account info available, using value from PROJECT
e3sm model version found: 0f362f469f
Batch_system_type is nersc_slurm
job is case.run USER_REQUESTED_WALLTIME 12:00:00 USER_REQUESTED_QUEUE None WALLTIME_FORMAT %H:%M:%S
job is case.st_archive USER_REQUESTED_WALLTIME None USER_REQUESTED_QUEUE None WALLTIME_FORMAT %H:%M:%S
 Creating Case directory /pscratch/sd/n/nanr/v21.LR.SMYLE/v21.LR.BSMYLE.1982-11.001/case_scripts.018

----- Starting case_setup -----

Successfully cleaned env_mach_specific.xml
Setting resource.RLIMIT_STACK to -1 from (8388608, -1)
job is case.run USER_REQUESTED_WALLTIME 12:00:00 USER_REQUESTED_QUEUE None WALLTIME_FORMAT %H:%M:%S
Creating batch scripts
Writing case.run script from input template /global/cfs/cdirs/mp9/e3sm_tags/E3SMv2.1/cime_config/machines/template.case.run
Creating file .case.run
Writing case.st_archive script from input template /global/cfs/cdirs/mp9/e3sm_tags/E3SMv2.1/cime_config/machines/template.st_archive
Creating file case.st_archive
Creating file .case.run.sh
Creating user_nl_xxx files for components and cpl
If an old case build already exists, might want to run 'case.build --clean' before building
Generating component namelists as part of setup
  2023-10-20 18:05:23 atm 
Create namelist for component eam
   Calling /global/cfs/cdirs/mp9/e3sm_tags/E3SMv2.1/components/eam//cime_config/buildnml
  2023-10-20 18:05:24 lnd 
Create namelist for component elm
   Calling /global/cfs/cdirs/mp9/e3sm_tags/E3SMv2.1/components/elm/cime_config/buildnml
  2023-10-20 18:05:24 ice 
Create namelist for component mpassi
   Calling /global/cfs/cdirs/mp9/e3sm_tags/E3SMv2.1/components/mpas-seaice/cime_config/buildnml
  2023-10-20 18:05:24 ocn 
Create namelist for component mpaso
   Calling /global/cfs/cdirs/mp9/e3sm_tags/E3SMv2.1/components/mpas-ocean/cime_config/buildnml
  2023-10-20 18:05:24 rof 
Create namelist for component mosart
   Calling /global/cfs/cdirs/mp9/e3sm_tags/E3SMv2.1/components/mosart//cime_config/buildnml
  2023-10-20 18:05:24 glc 
Create namelist for component sglc
   Calling /global/cfs/cdirs/mp9/e3sm_tags/E3SMv2.1/components/stub_comps/sglc/cime_config/buildnml
  2023-10-20 18:05:24 wav 
Create namelist for component swav
   Calling /global/cfs/cdirs/mp9/e3sm_tags/E3SMv2.1/components/stub_comps/swav/cime_config/buildnml
  2023-10-20 18:05:24 iac 
Create namelist for component siac
   Calling /global/cfs/cdirs/mp9/e3sm_tags/E3SMv2.1/components/stub_comps/siac/cime_config/buildnml
  2023-10-20 18:05:24 esp 
Create namelist for component sesp
   Calling /global/cfs/cdirs/mp9/e3sm_tags/E3SMv2.1/components/stub_comps/sesp/cime_config/buildnml
  2023-10-20 18:05:24 cpl 
Create namelist for component drv
   Calling /global/cfs/cdirs/mp9/e3sm_tags/E3SMv2.1/driver-mct/cime_config/buildnml
You can now run './preview_run' to get more info on how your case will be run
Here is the RUNDIR /pscratch/sd/n/nanr/v21.LR.SMYLE/v21.LR.BSMYLE.1982-11.001/run.018
atm_in
atm_modelio.nml
CASEROOT
cpl_modelio.nml
drv_flds_in
drv_in
esp_modelio.nml
glc_modelio.nml
iac_modelio.nml
ice_modelio.nml
lnd_in
lnd_modelio.nml
mosart_in
mpaso_in
mpassi_in
ocn_modelio.nml
rof_modelio.nml
seq_maps.rc
streams.ocean
streams.seaice
wav_modelio.nml
18

----- case_build -----

Using $OLD_EXECUTABLE = /pscratch/sd/n/nanr/v21.LR.SMYLE/exeroot/build
cp: -r not specified; omitting directory '/pscratch/sd/n/nanr/v21.LR.SMYLE/exeroot/build'
WARNING: Setting BUILD_COMPLETE = TRUE.  This is a little risky, but trusting the user.
For your changes to take effect, run:
./case.build --clean-all
./case.build
Setting resource.RLIMIT_STACK to -1 from (8388608, -1)
  2023-10-20 18:05:27 atm 
Create namelist for component eam
   Calling /global/cfs/cdirs/mp9/e3sm_tags/E3SMv2.1/components/eam//cime_config/buildnml
  2023-10-20 18:05:27 lnd 
Create namelist for component elm
   Calling /global/cfs/cdirs/mp9/e3sm_tags/E3SMv2.1/components/elm/cime_config/buildnml
  2023-10-20 18:05:27 ice 
Create namelist for component mpassi
   Calling /global/cfs/cdirs/mp9/e3sm_tags/E3SMv2.1/components/mpas-seaice/cime_config/buildnml
  2023-10-20 18:05:27 ocn 
Create namelist for component mpaso
   Calling /global/cfs/cdirs/mp9/e3sm_tags/E3SMv2.1/components/mpas-ocean/cime_config/buildnml
  2023-10-20 18:05:27 rof 
Create namelist for component mosart
   Calling /global/cfs/cdirs/mp9/e3sm_tags/E3SMv2.1/components/mosart//cime_config/buildnml
  2023-10-20 18:05:28 glc 
Create namelist for component sglc
   Calling /global/cfs/cdirs/mp9/e3sm_tags/E3SMv2.1/components/stub_comps/sglc/cime_config/buildnml
  2023-10-20 18:05:28 wav 
Create namelist for component swav
   Calling /global/cfs/cdirs/mp9/e3sm_tags/E3SMv2.1/components/stub_comps/swav/cime_config/buildnml
  2023-10-20 18:05:28 iac 
Create namelist for component siac
   Calling /global/cfs/cdirs/mp9/e3sm_tags/E3SMv2.1/components/stub_comps/siac/cime_config/buildnml
  2023-10-20 18:05:28 esp 
Create namelist for component sesp
   Calling /global/cfs/cdirs/mp9/e3sm_tags/E3SMv2.1/components/stub_comps/sesp/cime_config/buildnml
  2023-10-20 18:05:28 cpl 
Create namelist for component drv
   Calling /global/cfs/cdirs/mp9/e3sm_tags/E3SMv2.1/driver-mct/cime_config/buildnml

----- Starting runtime_options -----

Warning: $MODEL_START_TYPE = hybrid
$RUN_REFDIR = /global/cfs/cdirs/mp9/E3SMv2.1-SMYLE/inputdata/e3sm_init/v21.LR.SMYLE_IC.1982-11.01/
$RUN_REFCASE = v21.LR.SMYLE_IC.1982-11.01
$RUN_REFDATE = 1982-11-01


----- Saving run script for provenance -----

'run.v21.LR.BSMYLE.sh' -> '/pscratch/sd/n/nanr/v21.LR.SMYLE/v21.LR.BSMYLE.1982-11.001/case_scripts.018/run_script_provenance/run.v21.LR.BSMYLE.sh.20231020-180532'

----- Starting case_submit -----


env_batch.xml appears to have changed, regenerating batch scripts
manual edits to these file will be lost!

Creating batch scripts
Writing case.run script from input template /global/cfs/cdirs/mp9/e3sm_tags/E3SMv2.1/cime_config/machines/template.case.run
Creating file .case.run
Writing case.st_archive script from input template /global/cfs/cdirs/mp9/e3sm_tags/E3SMv2.1/cime_config/machines/template.st_archive
Creating file case.st_archive
Setting resource.RLIMIT_STACK to -1 from (8388608, -1)
GET_REFCASE is false, the user is expected to stage the refcase to the run directory.
  2023-10-20 18:05:36 atm 
Create namelist for component eam
   Calling /global/cfs/cdirs/mp9/e3sm_tags/E3SMv2.1/components/eam//cime_config/buildnml
  2023-10-20 18:05:36 lnd 
Create namelist for component elm
   Calling /global/cfs/cdirs/mp9/e3sm_tags/E3SMv2.1/components/elm/cime_config/buildnml
  2023-10-20 18:05:36 ice 
Create namelist for component mpassi
   Calling /global/cfs/cdirs/mp9/e3sm_tags/E3SMv2.1/components/mpas-seaice/cime_config/buildnml
  2023-10-20 18:05:38 ocn 
Create namelist for component mpaso
   Calling /global/cfs/cdirs/mp9/e3sm_tags/E3SMv2.1/components/mpas-ocean/cime_config/buildnml
  2023-10-20 18:05:40 rof 
Create namelist for component mosart
   Calling /global/cfs/cdirs/mp9/e3sm_tags/E3SMv2.1/components/mosart//cime_config/buildnml
  2023-10-20 18:05:40 glc 
Create namelist for component sglc
   Calling /global/cfs/cdirs/mp9/e3sm_tags/E3SMv2.1/components/stub_comps/sglc/cime_config/buildnml
  2023-10-20 18:05:40 wav 
Create namelist for component swav
   Calling /global/cfs/cdirs/mp9/e3sm_tags/E3SMv2.1/components/stub_comps/swav/cime_config/buildnml
  2023-10-20 18:05:40 iac 
Create namelist for component siac
   Calling /global/cfs/cdirs/mp9/e3sm_tags/E3SMv2.1/components/stub_comps/siac/cime_config/buildnml
  2023-10-20 18:05:40 esp 
Create namelist for component sesp
   Calling /global/cfs/cdirs/mp9/e3sm_tags/E3SMv2.1/components/stub_comps/sesp/cime_config/buildnml
  2023-10-20 18:05:40 cpl 
Create namelist for component drv
   Calling /global/cfs/cdirs/mp9/e3sm_tags/E3SMv2.1/driver-mct/cime_config/buildnml
Checking that inputdata is available as part of case submission
Setting resource.RLIMIT_STACK to -1 from (-1, -1)
Loading input file list: 'Buildconf/mosart.input_data_list'
Loading input file list: 'Buildconf/mpaso.input_data_list'
Loading input file list: 'Buildconf/cpl.input_data_list'
Loading input file list: 'Buildconf/elm.input_data_list'
Loading input file list: 'Buildconf/eam.input_data_list'
Loading input file list: 'Buildconf/mpassi.input_data_list'
GET_REFCASE is false, the user is expected to stage the refcase to the run directory.
Check case OK
submit_jobs case.run
Submit job case.run
Deprecated "arg" node detected in /pscratch/sd/n/nanr/v21.LR.SMYLE/v21.LR.BSMYLE.1982-11.001/case_scripts.018/env_batch.xml, check files /global/cfs/cdirs/mp9/e3sm_tags/E3SMv2.1/cime_config/machines/config_batch.xml
Submitting job script sbatch --time 12:00:00 -q regular --account mp9 .case.run --resubmit
Submitted job id is 17225467
Submit job case.st_archive
Deprecated "arg" node detected in /pscratch/sd/n/nanr/v21.LR.SMYLE/v21.LR.BSMYLE.1982-11.001/case_scripts.018/env_batch.xml, check files /global/cfs/cdirs/mp9/e3sm_tags/E3SMv2.1/cime_config/machines/config_batch.xml
Submitting job script sbatch --time 00:20:00 -q regular --account mp9 --dependency=afterok:17225467 case.st_archive --resubmit
Submitted job id is 17225468
Submitted job case.run with id 17225467
Submitted job case.st_archive with id 17225468

----- All done -----

19
019

----- Skipping fetch_code -----


----- Starting create_newcase -----

Compset longname is 20TRSOI_EAM%CMIP6_ELM%SPBC_MPASSI_MPASO_MOSART_SGLC_SWAV
Compset specification file is /global/cfs/cdirs/mp9/e3sm_tags/E3SMv2.1/cime_config/allactive/config_compsets.xml
Automatically adding SIAC to compset
Automatically adding SESP to compset
Compset forcing is 
ATM component is cam5 physics:EAM with complete set of E3SM atmospheric mods for V1 (72 layers model) and ACES4BGC SOAG emissions- CMIP6-DECK:
LND component is clm4.5 physics:clm4.5 Satellite phenology:clm4.5 Satellite phenology with black carbon deposition:
ICE component is MPAS seaice:
OCN component is mpas ocean default:
ROF component is MOSART:
GLC component is Stub glacier (land ice) component
WAV component is Stub wave component
IAC component is Stub iac component
ESP component is Stub external system processing (ESP) component
Pes     specification file is /global/cfs/cdirs/mp9/e3sm_tags/E3SMv2.1/cime_config/allactive/config_pesall.xml
Machine is pm-cpu
Pes setting: grid match    is a%ne30.+_oi%.*EC.*to 
Pes setting: machine match is pm-cpu|alvarez 
Pes setting: compset_match is .*EAM.+ELM.+MPASSI.+MPASO.+MOSART.+ 
Pes setting: grid          is a%ne30np4.pg2_l%ne30np4.pg2_oi%EC30to60E2r2_r%r05_g%null_w%null_z%null_m%EC30to60E2r2 
Pes setting: compset       is 20TRSOI_EAM%CMIP6_ELM%SPBC_MPASSI_MPASO_MOSART_SGLC_SWAV_SIAC_SESP 
Pes setting: tasks       is {'NTASKS_ATM': 640, 'NTASKS_LND': 640, 'NTASKS_ROF': 640, 'NTASKS_ICE': 640, 'NTASKS_OCN': 256, 'NTASKS_CPL': 80} 
Pes setting: threads     is {'NTHRDS_ATM': 1, 'NTHRDS_LND': 1, 'NTHRDS_ROF': 1, 'NTHRDS_ICE': 1, 'NTHRDS_OCN': 1, 'NTHRDS_CPL': 1} 
Pes setting: rootpe      is {'ROOTPE_ATM': 0, 'ROOTPE_LND': 0, 'ROOTPE_ROF': 0, 'ROOTPE_ICE': 0, 'ROOTPE_OCN': 640, 'ROOTPE_CPL': 0} 
Pes setting: pstrid      is {'PSTRID_CPL': 8} 
Pes other settings: {'MAX_MPITASKS_PER_NODE': '128'}
Pes comments:  -compset A_WCYCL* -res ne30pg2_oECv3 with MPASO on 7 nodes, 128x1 c8 
setting additional fields from config_pes: {'MAX_MPITASKS_PER_NODE': '128'}
 Compset is: 20TRSOI_EAM%CMIP6_ELM%SPBC_MPASSI_MPASO_MOSART_SGLC_SWAV_SIAC_SESP 
 Grid is: a%ne30np4.pg2_l%ne30np4.pg2_oi%EC30to60E2r2_r%r05_g%null_w%null_z%null_m%EC30to60E2r2 
 Components in compset are: ['eam', 'elm', 'mpassi', 'mpaso', 'mosart', 'sglc', 'swav', 'siac', 'sesp'] 
No charge_account info available, using value from PROJECT
e3sm model version found: 0f362f469f
Batch_system_type is nersc_slurm
job is case.run USER_REQUESTED_WALLTIME 12:00:00 USER_REQUESTED_QUEUE None WALLTIME_FORMAT %H:%M:%S
job is case.st_archive USER_REQUESTED_WALLTIME None USER_REQUESTED_QUEUE None WALLTIME_FORMAT %H:%M:%S
 Creating Case directory /pscratch/sd/n/nanr/v21.LR.SMYLE/v21.LR.BSMYLE.1982-11.001/case_scripts.019

----- Starting case_setup -----

Successfully cleaned env_mach_specific.xml
Setting resource.RLIMIT_STACK to -1 from (8388608, -1)
job is case.run USER_REQUESTED_WALLTIME 12:00:00 USER_REQUESTED_QUEUE None WALLTIME_FORMAT %H:%M:%S
Creating batch scripts
Writing case.run script from input template /global/cfs/cdirs/mp9/e3sm_tags/E3SMv2.1/cime_config/machines/template.case.run
Creating file .case.run
Writing case.st_archive script from input template /global/cfs/cdirs/mp9/e3sm_tags/E3SMv2.1/cime_config/machines/template.st_archive
Creating file case.st_archive
Creating file .case.run.sh
Creating user_nl_xxx files for components and cpl
If an old case build already exists, might want to run 'case.build --clean' before building
Generating component namelists as part of setup
  2023-10-20 18:05:54 atm 
Create namelist for component eam
   Calling /global/cfs/cdirs/mp9/e3sm_tags/E3SMv2.1/components/eam//cime_config/buildnml
  2023-10-20 18:05:54 lnd 
Create namelist for component elm
   Calling /global/cfs/cdirs/mp9/e3sm_tags/E3SMv2.1/components/elm/cime_config/buildnml
  2023-10-20 18:05:55 ice 
Create namelist for component mpassi
   Calling /global/cfs/cdirs/mp9/e3sm_tags/E3SMv2.1/components/mpas-seaice/cime_config/buildnml
  2023-10-20 18:05:55 ocn 
Create namelist for component mpaso
   Calling /global/cfs/cdirs/mp9/e3sm_tags/E3SMv2.1/components/mpas-ocean/cime_config/buildnml
  2023-10-20 18:05:55 rof 
Create namelist for component mosart
   Calling /global/cfs/cdirs/mp9/e3sm_tags/E3SMv2.1/components/mosart//cime_config/buildnml
  2023-10-20 18:05:55 glc 
Create namelist for component sglc
   Calling /global/cfs/cdirs/mp9/e3sm_tags/E3SMv2.1/components/stub_comps/sglc/cime_config/buildnml
  2023-10-20 18:05:55 wav 
Create namelist for component swav
   Calling /global/cfs/cdirs/mp9/e3sm_tags/E3SMv2.1/components/stub_comps/swav/cime_config/buildnml
  2023-10-20 18:05:55 iac 
Create namelist for component siac
   Calling /global/cfs/cdirs/mp9/e3sm_tags/E3SMv2.1/components/stub_comps/siac/cime_config/buildnml
  2023-10-20 18:05:55 esp 
Create namelist for component sesp
   Calling /global/cfs/cdirs/mp9/e3sm_tags/E3SMv2.1/components/stub_comps/sesp/cime_config/buildnml
  2023-10-20 18:05:55 cpl 
Create namelist for component drv
   Calling /global/cfs/cdirs/mp9/e3sm_tags/E3SMv2.1/driver-mct/cime_config/buildnml
You can now run './preview_run' to get more info on how your case will be run
Here is the RUNDIR /pscratch/sd/n/nanr/v21.LR.SMYLE/v21.LR.BSMYLE.1982-11.001/run.019
atm_in
atm_modelio.nml
CASEROOT
cpl_modelio.nml
drv_flds_in
drv_in
esp_modelio.nml
glc_modelio.nml
iac_modelio.nml
ice_modelio.nml
lnd_in
lnd_modelio.nml
mosart_in
mpaso_in
mpassi_in
ocn_modelio.nml
rof_modelio.nml
seq_maps.rc
streams.ocean
streams.seaice
wav_modelio.nml
19

----- case_build -----

Using $OLD_EXECUTABLE = /pscratch/sd/n/nanr/v21.LR.SMYLE/exeroot/build
cp: -r not specified; omitting directory '/pscratch/sd/n/nanr/v21.LR.SMYLE/exeroot/build'
WARNING: Setting BUILD_COMPLETE = TRUE.  This is a little risky, but trusting the user.
For your changes to take effect, run:
./case.build --clean-all
./case.build
Setting resource.RLIMIT_STACK to -1 from (8388608, -1)
  2023-10-20 18:05:57 atm 
Create namelist for component eam
   Calling /global/cfs/cdirs/mp9/e3sm_tags/E3SMv2.1/components/eam//cime_config/buildnml
  2023-10-20 18:05:57 lnd 
Create namelist for component elm
   Calling /global/cfs/cdirs/mp9/e3sm_tags/E3SMv2.1/components/elm/cime_config/buildnml
  2023-10-20 18:05:58 ice 
Create namelist for component mpassi
   Calling /global/cfs/cdirs/mp9/e3sm_tags/E3SMv2.1/components/mpas-seaice/cime_config/buildnml
  2023-10-20 18:05:58 ocn 
Create namelist for component mpaso
   Calling /global/cfs/cdirs/mp9/e3sm_tags/E3SMv2.1/components/mpas-ocean/cime_config/buildnml
  2023-10-20 18:05:58 rof 
Create namelist for component mosart
   Calling /global/cfs/cdirs/mp9/e3sm_tags/E3SMv2.1/components/mosart//cime_config/buildnml
  2023-10-20 18:05:58 glc 
Create namelist for component sglc
   Calling /global/cfs/cdirs/mp9/e3sm_tags/E3SMv2.1/components/stub_comps/sglc/cime_config/buildnml
  2023-10-20 18:05:58 wav 
Create namelist for component swav
   Calling /global/cfs/cdirs/mp9/e3sm_tags/E3SMv2.1/components/stub_comps/swav/cime_config/buildnml
  2023-10-20 18:05:58 iac 
Create namelist for component siac
   Calling /global/cfs/cdirs/mp9/e3sm_tags/E3SMv2.1/components/stub_comps/siac/cime_config/buildnml
  2023-10-20 18:05:58 esp 
Create namelist for component sesp
   Calling /global/cfs/cdirs/mp9/e3sm_tags/E3SMv2.1/components/stub_comps/sesp/cime_config/buildnml
  2023-10-20 18:05:58 cpl 
Create namelist for component drv
   Calling /global/cfs/cdirs/mp9/e3sm_tags/E3SMv2.1/driver-mct/cime_config/buildnml

----- Starting runtime_options -----

Warning: $MODEL_START_TYPE = hybrid
$RUN_REFDIR = /global/cfs/cdirs/mp9/E3SMv2.1-SMYLE/inputdata/e3sm_init/v21.LR.SMYLE_IC.1982-11.01/
$RUN_REFCASE = v21.LR.SMYLE_IC.1982-11.01
$RUN_REFDATE = 1982-11-01


----- Saving run script for provenance -----

'run.v21.LR.BSMYLE.sh' -> '/pscratch/sd/n/nanr/v21.LR.SMYLE/v21.LR.BSMYLE.1982-11.001/case_scripts.019/run_script_provenance/run.v21.LR.BSMYLE.sh.20231020-180603'

----- Starting case_submit -----


env_batch.xml appears to have changed, regenerating batch scripts
manual edits to these file will be lost!

Creating batch scripts
Writing case.run script from input template /global/cfs/cdirs/mp9/e3sm_tags/E3SMv2.1/cime_config/machines/template.case.run
Creating file .case.run
Writing case.st_archive script from input template /global/cfs/cdirs/mp9/e3sm_tags/E3SMv2.1/cime_config/machines/template.st_archive
Creating file case.st_archive
Setting resource.RLIMIT_STACK to -1 from (8388608, -1)
GET_REFCASE is false, the user is expected to stage the refcase to the run directory.
  2023-10-20 18:06:06 atm 
Create namelist for component eam
   Calling /global/cfs/cdirs/mp9/e3sm_tags/E3SMv2.1/components/eam//cime_config/buildnml
  2023-10-20 18:06:06 lnd 
Create namelist for component elm
   Calling /global/cfs/cdirs/mp9/e3sm_tags/E3SMv2.1/components/elm/cime_config/buildnml
  2023-10-20 18:06:07 ice 
Create namelist for component mpassi
   Calling /global/cfs/cdirs/mp9/e3sm_tags/E3SMv2.1/components/mpas-seaice/cime_config/buildnml
  2023-10-20 18:06:08 ocn 
Create namelist for component mpaso
   Calling /global/cfs/cdirs/mp9/e3sm_tags/E3SMv2.1/components/mpas-ocean/cime_config/buildnml
  2023-10-20 18:06:10 rof 
Create namelist for component mosart
   Calling /global/cfs/cdirs/mp9/e3sm_tags/E3SMv2.1/components/mosart//cime_config/buildnml
  2023-10-20 18:06:10 glc 
Create namelist for component sglc
   Calling /global/cfs/cdirs/mp9/e3sm_tags/E3SMv2.1/components/stub_comps/sglc/cime_config/buildnml
  2023-10-20 18:06:10 wav 
Create namelist for component swav
   Calling /global/cfs/cdirs/mp9/e3sm_tags/E3SMv2.1/components/stub_comps/swav/cime_config/buildnml
  2023-10-20 18:06:10 iac 
Create namelist for component siac
   Calling /global/cfs/cdirs/mp9/e3sm_tags/E3SMv2.1/components/stub_comps/siac/cime_config/buildnml
  2023-10-20 18:06:10 esp 
Create namelist for component sesp
   Calling /global/cfs/cdirs/mp9/e3sm_tags/E3SMv2.1/components/stub_comps/sesp/cime_config/buildnml
  2023-10-20 18:06:10 cpl 
Create namelist for component drv
   Calling /global/cfs/cdirs/mp9/e3sm_tags/E3SMv2.1/driver-mct/cime_config/buildnml
Checking that inputdata is available as part of case submission
Setting resource.RLIMIT_STACK to -1 from (-1, -1)
Loading input file list: 'Buildconf/mosart.input_data_list'
Loading input file list: 'Buildconf/mpaso.input_data_list'
Loading input file list: 'Buildconf/cpl.input_data_list'
Loading input file list: 'Buildconf/elm.input_data_list'
Loading input file list: 'Buildconf/eam.input_data_list'
Loading input file list: 'Buildconf/mpassi.input_data_list'
GET_REFCASE is false, the user is expected to stage the refcase to the run directory.
Check case OK
submit_jobs case.run
Submit job case.run
Deprecated "arg" node detected in /pscratch/sd/n/nanr/v21.LR.SMYLE/v21.LR.BSMYLE.1982-11.001/case_scripts.019/env_batch.xml, check files /global/cfs/cdirs/mp9/e3sm_tags/E3SMv2.1/cime_config/machines/config_batch.xml
Submitting job script sbatch --time 12:00:00 -q regular --account mp9 .case.run --resubmit
Submitted job id is 17225469
Submit job case.st_archive
Deprecated "arg" node detected in /pscratch/sd/n/nanr/v21.LR.SMYLE/v21.LR.BSMYLE.1982-11.001/case_scripts.019/env_batch.xml, check files /global/cfs/cdirs/mp9/e3sm_tags/E3SMv2.1/cime_config/machines/config_batch.xml
Submitting job script sbatch --time 00:20:00 -q regular --account mp9 --dependency=afterok:17225469 case.st_archive --resubmit
Submitted job id is 17225470
Submitted job case.run with id 17225469
Submitted job case.st_archive with id 17225470

----- All done -----

20
020

----- Skipping fetch_code -----


----- Starting create_newcase -----

Compset longname is 20TRSOI_EAM%CMIP6_ELM%SPBC_MPASSI_MPASO_MOSART_SGLC_SWAV
Compset specification file is /global/cfs/cdirs/mp9/e3sm_tags/E3SMv2.1/cime_config/allactive/config_compsets.xml
Automatically adding SIAC to compset
Automatically adding SESP to compset
Compset forcing is 
ATM component is cam5 physics:EAM with complete set of E3SM atmospheric mods for V1 (72 layers model) and ACES4BGC SOAG emissions- CMIP6-DECK:
LND component is clm4.5 physics:clm4.5 Satellite phenology:clm4.5 Satellite phenology with black carbon deposition:
ICE component is MPAS seaice:
OCN component is mpas ocean default:
ROF component is MOSART:
GLC component is Stub glacier (land ice) component
WAV component is Stub wave component
IAC component is Stub iac component
ESP component is Stub external system processing (ESP) component
Pes     specification file is /global/cfs/cdirs/mp9/e3sm_tags/E3SMv2.1/cime_config/allactive/config_pesall.xml
Machine is pm-cpu
Pes setting: grid match    is a%ne30.+_oi%.*EC.*to 
Pes setting: machine match is pm-cpu|alvarez 
Pes setting: compset_match is .*EAM.+ELM.+MPASSI.+MPASO.+MOSART.+ 
Pes setting: grid          is a%ne30np4.pg2_l%ne30np4.pg2_oi%EC30to60E2r2_r%r05_g%null_w%null_z%null_m%EC30to60E2r2 
Pes setting: compset       is 20TRSOI_EAM%CMIP6_ELM%SPBC_MPASSI_MPASO_MOSART_SGLC_SWAV_SIAC_SESP 
Pes setting: tasks       is {'NTASKS_ATM': 640, 'NTASKS_LND': 640, 'NTASKS_ROF': 640, 'NTASKS_ICE': 640, 'NTASKS_OCN': 256, 'NTASKS_CPL': 80} 
Pes setting: threads     is {'NTHRDS_ATM': 1, 'NTHRDS_LND': 1, 'NTHRDS_ROF': 1, 'NTHRDS_ICE': 1, 'NTHRDS_OCN': 1, 'NTHRDS_CPL': 1} 
Pes setting: rootpe      is {'ROOTPE_ATM': 0, 'ROOTPE_LND': 0, 'ROOTPE_ROF': 0, 'ROOTPE_ICE': 0, 'ROOTPE_OCN': 640, 'ROOTPE_CPL': 0} 
Pes setting: pstrid      is {'PSTRID_CPL': 8} 
Pes other settings: {'MAX_MPITASKS_PER_NODE': '128'}
Pes comments:  -compset A_WCYCL* -res ne30pg2_oECv3 with MPASO on 7 nodes, 128x1 c8 
setting additional fields from config_pes: {'MAX_MPITASKS_PER_NODE': '128'}
 Compset is: 20TRSOI_EAM%CMIP6_ELM%SPBC_MPASSI_MPASO_MOSART_SGLC_SWAV_SIAC_SESP 
 Grid is: a%ne30np4.pg2_l%ne30np4.pg2_oi%EC30to60E2r2_r%r05_g%null_w%null_z%null_m%EC30to60E2r2 
 Components in compset are: ['eam', 'elm', 'mpassi', 'mpaso', 'mosart', 'sglc', 'swav', 'siac', 'sesp'] 
No charge_account info available, using value from PROJECT
e3sm model version found: 0f362f469f
Batch_system_type is nersc_slurm
job is case.run USER_REQUESTED_WALLTIME 12:00:00 USER_REQUESTED_QUEUE None WALLTIME_FORMAT %H:%M:%S
job is case.st_archive USER_REQUESTED_WALLTIME None USER_REQUESTED_QUEUE None WALLTIME_FORMAT %H:%M:%S
 Creating Case directory /pscratch/sd/n/nanr/v21.LR.SMYLE/v21.LR.BSMYLE.1982-11.001/case_scripts.020

----- Starting case_setup -----

Successfully cleaned env_mach_specific.xml
Setting resource.RLIMIT_STACK to -1 from (8388608, -1)
job is case.run USER_REQUESTED_WALLTIME 12:00:00 USER_REQUESTED_QUEUE None WALLTIME_FORMAT %H:%M:%S
Creating batch scripts
Writing case.run script from input template /global/cfs/cdirs/mp9/e3sm_tags/E3SMv2.1/cime_config/machines/template.case.run
Creating file .case.run
Writing case.st_archive script from input template /global/cfs/cdirs/mp9/e3sm_tags/E3SMv2.1/cime_config/machines/template.st_archive
Creating file case.st_archive
Creating file .case.run.sh
Creating user_nl_xxx files for components and cpl
If an old case build already exists, might want to run 'case.build --clean' before building
Generating component namelists as part of setup
  2023-10-20 18:06:24 atm 
Create namelist for component eam
   Calling /global/cfs/cdirs/mp9/e3sm_tags/E3SMv2.1/components/eam//cime_config/buildnml
  2023-10-20 18:06:24 lnd 
Create namelist for component elm
   Calling /global/cfs/cdirs/mp9/e3sm_tags/E3SMv2.1/components/elm/cime_config/buildnml
  2023-10-20 18:06:24 ice 
Create namelist for component mpassi
   Calling /global/cfs/cdirs/mp9/e3sm_tags/E3SMv2.1/components/mpas-seaice/cime_config/buildnml
  2023-10-20 18:06:25 ocn 
Create namelist for component mpaso
   Calling /global/cfs/cdirs/mp9/e3sm_tags/E3SMv2.1/components/mpas-ocean/cime_config/buildnml
  2023-10-20 18:06:25 rof 
Create namelist for component mosart
   Calling /global/cfs/cdirs/mp9/e3sm_tags/E3SMv2.1/components/mosart//cime_config/buildnml
  2023-10-20 18:06:25 glc 
Create namelist for component sglc
   Calling /global/cfs/cdirs/mp9/e3sm_tags/E3SMv2.1/components/stub_comps/sglc/cime_config/buildnml
  2023-10-20 18:06:25 wav 
Create namelist for component swav
   Calling /global/cfs/cdirs/mp9/e3sm_tags/E3SMv2.1/components/stub_comps/swav/cime_config/buildnml
  2023-10-20 18:06:25 iac 
Create namelist for component siac
   Calling /global/cfs/cdirs/mp9/e3sm_tags/E3SMv2.1/components/stub_comps/siac/cime_config/buildnml
  2023-10-20 18:06:25 esp 
Create namelist for component sesp
   Calling /global/cfs/cdirs/mp9/e3sm_tags/E3SMv2.1/components/stub_comps/sesp/cime_config/buildnml
  2023-10-20 18:06:25 cpl 
Create namelist for component drv
   Calling /global/cfs/cdirs/mp9/e3sm_tags/E3SMv2.1/driver-mct/cime_config/buildnml
You can now run './preview_run' to get more info on how your case will be run
Here is the RUNDIR /pscratch/sd/n/nanr/v21.LR.SMYLE/v21.LR.BSMYLE.1982-11.001/run.020
atm_in
atm_modelio.nml
CASEROOT
cpl_modelio.nml
drv_flds_in
drv_in
esp_modelio.nml
glc_modelio.nml
iac_modelio.nml
ice_modelio.nml
lnd_in
lnd_modelio.nml
mosart_in
mpaso_in
mpassi_in
ocn_modelio.nml
rof_modelio.nml
seq_maps.rc
streams.ocean
streams.seaice
wav_modelio.nml
20

----- case_build -----

Using $OLD_EXECUTABLE = /pscratch/sd/n/nanr/v21.LR.SMYLE/exeroot/build
cp: -r not specified; omitting directory '/pscratch/sd/n/nanr/v21.LR.SMYLE/exeroot/build'
WARNING: Setting BUILD_COMPLETE = TRUE.  This is a little risky, but trusting the user.
For your changes to take effect, run:
./case.build --clean-all
./case.build
Setting resource.RLIMIT_STACK to -1 from (8388608, -1)
  2023-10-20 18:06:27 atm 
Create namelist for component eam
   Calling /global/cfs/cdirs/mp9/e3sm_tags/E3SMv2.1/components/eam//cime_config/buildnml
  2023-10-20 18:06:27 lnd 
Create namelist for component elm
   Calling /global/cfs/cdirs/mp9/e3sm_tags/E3SMv2.1/components/elm/cime_config/buildnml
  2023-10-20 18:06:28 ice 
Create namelist for component mpassi
   Calling /global/cfs/cdirs/mp9/e3sm_tags/E3SMv2.1/components/mpas-seaice/cime_config/buildnml
  2023-10-20 18:06:28 ocn 
Create namelist for component mpaso
   Calling /global/cfs/cdirs/mp9/e3sm_tags/E3SMv2.1/components/mpas-ocean/cime_config/buildnml
  2023-10-20 18:06:28 rof 
Create namelist for component mosart
   Calling /global/cfs/cdirs/mp9/e3sm_tags/E3SMv2.1/components/mosart//cime_config/buildnml
  2023-10-20 18:06:28 glc 
Create namelist for component sglc
   Calling /global/cfs/cdirs/mp9/e3sm_tags/E3SMv2.1/components/stub_comps/sglc/cime_config/buildnml
  2023-10-20 18:06:28 wav 
Create namelist for component swav
   Calling /global/cfs/cdirs/mp9/e3sm_tags/E3SMv2.1/components/stub_comps/swav/cime_config/buildnml
  2023-10-20 18:06:28 iac 
Create namelist for component siac
   Calling /global/cfs/cdirs/mp9/e3sm_tags/E3SMv2.1/components/stub_comps/siac/cime_config/buildnml
  2023-10-20 18:06:28 esp 
Create namelist for component sesp
   Calling /global/cfs/cdirs/mp9/e3sm_tags/E3SMv2.1/components/stub_comps/sesp/cime_config/buildnml
  2023-10-20 18:06:28 cpl 
Create namelist for component drv
   Calling /global/cfs/cdirs/mp9/e3sm_tags/E3SMv2.1/driver-mct/cime_config/buildnml

----- Starting runtime_options -----

Warning: $MODEL_START_TYPE = hybrid
$RUN_REFDIR = /global/cfs/cdirs/mp9/E3SMv2.1-SMYLE/inputdata/e3sm_init/v21.LR.SMYLE_IC.1982-11.01/
$RUN_REFCASE = v21.LR.SMYLE_IC.1982-11.01
$RUN_REFDATE = 1982-11-01


----- Saving run script for provenance -----

'run.v21.LR.BSMYLE.sh' -> '/pscratch/sd/n/nanr/v21.LR.SMYLE/v21.LR.BSMYLE.1982-11.001/case_scripts.020/run_script_provenance/run.v21.LR.BSMYLE.sh.20231020-180632'

----- Starting case_submit -----


env_batch.xml appears to have changed, regenerating batch scripts
manual edits to these file will be lost!

Creating batch scripts
Writing case.run script from input template /global/cfs/cdirs/mp9/e3sm_tags/E3SMv2.1/cime_config/machines/template.case.run
Creating file .case.run
Writing case.st_archive script from input template /global/cfs/cdirs/mp9/e3sm_tags/E3SMv2.1/cime_config/machines/template.st_archive
Creating file case.st_archive
Setting resource.RLIMIT_STACK to -1 from (8388608, -1)
GET_REFCASE is false, the user is expected to stage the refcase to the run directory.
  2023-10-20 18:06:35 atm 
Create namelist for component eam
   Calling /global/cfs/cdirs/mp9/e3sm_tags/E3SMv2.1/components/eam//cime_config/buildnml
  2023-10-20 18:06:36 lnd 
Create namelist for component elm
   Calling /global/cfs/cdirs/mp9/e3sm_tags/E3SMv2.1/components/elm/cime_config/buildnml
  2023-10-20 18:06:36 ice 
Create namelist for component mpassi
   Calling /global/cfs/cdirs/mp9/e3sm_tags/E3SMv2.1/components/mpas-seaice/cime_config/buildnml
  2023-10-20 18:06:37 ocn 
Create namelist for component mpaso
   Calling /global/cfs/cdirs/mp9/e3sm_tags/E3SMv2.1/components/mpas-ocean/cime_config/buildnml
  2023-10-20 18:06:39 rof 
Create namelist for component mosart
   Calling /global/cfs/cdirs/mp9/e3sm_tags/E3SMv2.1/components/mosart//cime_config/buildnml
  2023-10-20 18:06:39 glc 
Create namelist for component sglc
   Calling /global/cfs/cdirs/mp9/e3sm_tags/E3SMv2.1/components/stub_comps/sglc/cime_config/buildnml
  2023-10-20 18:06:39 wav 
Create namelist for component swav
   Calling /global/cfs/cdirs/mp9/e3sm_tags/E3SMv2.1/components/stub_comps/swav/cime_config/buildnml
  2023-10-20 18:06:39 iac 
Create namelist for component siac
   Calling /global/cfs/cdirs/mp9/e3sm_tags/E3SMv2.1/components/stub_comps/siac/cime_config/buildnml
  2023-10-20 18:06:39 esp 
Create namelist for component sesp
   Calling /global/cfs/cdirs/mp9/e3sm_tags/E3SMv2.1/components/stub_comps/sesp/cime_config/buildnml
  2023-10-20 18:06:39 cpl 
Create namelist for component drv
   Calling /global/cfs/cdirs/mp9/e3sm_tags/E3SMv2.1/driver-mct/cime_config/buildnml
Checking that inputdata is available as part of case submission
Setting resource.RLIMIT_STACK to -1 from (-1, -1)
Loading input file list: 'Buildconf/mosart.input_data_list'
Loading input file list: 'Buildconf/mpaso.input_data_list'
Loading input file list: 'Buildconf/cpl.input_data_list'
Loading input file list: 'Buildconf/elm.input_data_list'
Loading input file list: 'Buildconf/eam.input_data_list'
Loading input file list: 'Buildconf/mpassi.input_data_list'
GET_REFCASE is false, the user is expected to stage the refcase to the run directory.
Check case OK
submit_jobs case.run
Submit job case.run
Deprecated "arg" node detected in /pscratch/sd/n/nanr/v21.LR.SMYLE/v21.LR.BSMYLE.1982-11.001/case_scripts.020/env_batch.xml, check files /global/cfs/cdirs/mp9/e3sm_tags/E3SMv2.1/cime_config/machines/config_batch.xml
Submitting job script sbatch --time 12:00:00 -q regular --account mp9 .case.run --resubmit
Submitted job id is 17225472
Submit job case.st_archive
Deprecated "arg" node detected in /pscratch/sd/n/nanr/v21.LR.SMYLE/v21.LR.BSMYLE.1982-11.001/case_scripts.020/env_batch.xml, check files /global/cfs/cdirs/mp9/e3sm_tags/E3SMv2.1/cime_config/machines/config_batch.xml
Submitting job script sbatch --time 00:20:00 -q regular --account mp9 --dependency=afterok:17225472 case.st_archive --resubmit
Submitted job id is 17225473
Submitted job case.run with id 17225472
Submitted job case.st_archive with id 17225473

----- All done -----

